rep,delta_roe_pp,delta_maxdd_pp,delta_w20d_pp,delta_w63d_pp,delta_sharpe,baseline_roe,combined_roe
0,2.094680938696137,0.782133664701016,1.7055645074181225,2.9953415737790627,1.0295805555940682,7.709921589760582,9.80460252845672
1,2.0306862572244233,2.304844958697081,2.426025759343883,2.307298740896149,1.142479467899458,7.979832807447784,10.010519064672208
2,1.8975413399234604,-0.16265787142108046,-0.06548919355973215,2.276928214319558,1.0217622452919144,8.1115469818392,10.009088321762661
3,1.829833810460979,2.4850128366238087,1.2077257032587574,2.733089486700062,1.061640002232934,8.045253905445149,9.875087715906128
4,2.0202276339620573,-0.13173371889655883,-0.6758976164257278,0.7396095965570522,0.9549142582985537,7.934099913994319,9.954327547956376
5,1.810577394702916,0.657421251210546,1.9306822071435148,0.8953284661331011,0.7915372933770932,8.12174461829307,9.932322012995986
6,1.7992709210625346,3.2172410506220364,2.3300368110371,4.178231102353704,1.0751371127589948,8.169485795966258,9.968756717028793
7,1.7527686816745547,1.777215894216547,1.2958669840820232,1.7807616936046151,0.8860069086206717,8.168785858149397,9.921554539823951
8,2.0247402067225417,3.9043503404505344,2.5117125572648558,3.421589353986355,0.9569195238786334,7.67355520775268,9.698295414475222
9,1.8957536624287332,0.3279575500627807,1.3631391946773546,2.139786303707262,0.8775645585478251,8.108813970326857,10.00456763275559
10,1.7617666484684769,2.432118518636254,0.8777846494556698,2.705081778692714,0.9600297440329739,8.256082248226182,10.017848896694659
11,1.6373112669189709,1.416712000366969,0.8473898067478696,1.4524746294360802,1.0402096428653151,8.53423255143413,10.1715438183531
12,1.7857807586189036,1.7888290555922675,1.7571597444036864,3.2641497055171866,1.0562003032843665,8.211776524066106,9.99755728268501
13,1.8674540915145208,3.675097639513667,1.2489883976103142,2.991866331836323,0.9767390732882424,8.247846716040396,10.115300807554917
14,2.1310156614890774,2.3778377495694176,0.8609592779366704,4.690045261547011,0.9775534926379561,7.94480732902223,10.075822990511307
15,2.081128679952382,2.669652061129132,1.519436409193851,2.7250305278394706,1.060225859475081,7.703510570819105,9.784639250771487
16,1.7987573464771422,1.7408295814327452,0.6914311884443638,4.133142396799594,0.9003058816167648,8.54067342688667,10.339430773363812
17,1.7541787620067204,0.9511103200782984,0.8117048726617888,1.6449149216086554,0.9203533336042864,8.398702844411687,10.152881606418408
18,1.8179636086693254,-0.39555824675147555,0.22762932909977618,1.194353776887981,0.7915788192030098,8.154591137934686,9.972554746604011
19,1.7973932099214718,1.497453490789753,2.1180734061503603,2.8646578602300883,0.9488794365027613,7.9611099698920995,9.758503179813571
20,2.0697642834393903,2.8334694418053354,1.5836240234662613,3.83359063883132,1.014391575608087,7.978310720087922,10.048075003527313
21,1.9471437260487612,0.6320755259526933,0.7283302860512348,2.011874837064341,0.943157669637936,8.391529006079512,10.338672732128273
22,2.0433985413388367,2.6850292790328885,2.0144197995325213,3.612692177115462,1.2962946269347668,7.987267401443177,10.030665942782013
23,1.9576527630841056,0.7492837958180321,0.7386474424691798,2.8252123818821455,1.0750860931124375,8.269198914855247,10.226851677939353
24,1.9141650294303378,1.2194669866078707,0.38058560166345234,1.9043465004613926,0.9485585884428367,7.806220059896818,9.720385089327156
25,2.1433004682922974,0.2194856437762338,1.5519624380267532,1.785420771942269,1.0086334087165187,7.804171957764217,9.947472426056514
26,2.001556596006383,0.8209969610422414,0.5993933440880079,1.6838121028671507,1.0420322542156626,8.208259234796289,10.209815830802672
27,2.2484504094954403,3.440905474356489,-0.1235629938192444,3.142585000165349,1.0621806579619895,7.596863351353544,9.845313760848985
28,1.8836746844715915,1.2829463810704391,0.570768518113554,2.5978600146918227,1.0012423494634395,8.382840809478376,10.266515493949967
29,1.8309959068511183,0.9146295886301012,0.9554629350785806,0.8463617617256864,1.009203892097044,8.413835854857288,10.244831761708406
30,1.8374630009211366,1.2155565297457787,1.8054694028559704,2.989622353857402,0.9693652817456884,8.119610961556933,9.95707396247807
31,1.8982983629924686,0.8121276045624848,1.0842086914101978,1.4075091701299702,1.0886277186372566,8.383343371949747,10.281641734942216
32,1.847148955469068,1.0257083400982179,1.1314389584168687,0.4122299699798111,0.8983934055232172,8.453181734584936,10.300330690054004
33,1.8827444653387815,2.725016696564376,0.5578064721829374,3.564542413738839,0.9966572066702728,7.894697575387077,9.777442040725859
34,1.8243816211073174,0.8688518055246419,0.9114674751120901,1.4816465156163028,0.9897179156064078,8.26323020735298,10.087611828460297
35,2.13809447098272,0.696535191629049,1.032004832122309,0.8042200688687378,1.085134328472174,7.638044000190325,9.776138471173045
36,2.0483345115584797,1.6207519889322,0.8490083902629131,1.5716262461576478,1.246004972317436,7.963204144815084,10.011538656373563
37,1.8949644737009663,0.7436315166200158,0.3724086765259482,2.6072685939792706,0.8915123874976807,8.12554209609071,10.020506569791676
38,1.5797962349112673,3.5776870545350725,2.6199841811615165,4.3489011881781785,0.8298166920656782,8.879545724606075,10.459341959517342
39,1.892000434501817,-0.8960700758182352,-1.1910910173606872,2.2682068177739954,0.8524089083060189,7.812428154175244,9.704428588677061
40,1.7632290852772634,0.9386369163933317,1.0676253542683747,0.5412159343116043,1.0437351521260734,8.440172912657484,10.203401997934748
41,1.832108392188882,0.7212064173326542,0.14285836179853284,2.2904778704022775,0.8209701964113876,8.451659784376652,10.283768176565534
42,1.6996571665365074,0.9628524118282993,0.5869742489611989,0.340102581415894,0.8304485980269383,8.368431900067662,10.06808906660417
43,1.7345201007375355,1.0186633620295984,1.2209114615501553,1.237063001177917,0.911680616062795,8.441460422228708,10.175980522966244
44,1.9284522332648333,-0.25791407066753447,-0.4305978722111421,1.6405834124711292,0.8836776867974003,8.009733918780748,9.938186152045581
45,1.8102081932684015,-0.7449294125550194,-0.7767718919127296,-0.005250434162061168,1.0874786348374101,8.332060339215165,10.142268532483566
46,1.7131493871204384,-0.16217179613412203,0.13837509238526557,1.0984193004480276,0.883772501828548,8.663868115245176,10.377017502365614
47,1.8511152621748064,-0.24463287511346365,-0.8558442125477175,3.0199107831697054,0.8828489267101558,8.072799754963956,9.923915017138762
48,1.9262485180160827,2.1953403065186663,2.1673036020939556,5.877761109335071,0.9780355375620242,7.850832058277346,9.777080576293429
49,1.8912609398978422,1.4874712503250542,0.4360724339985502,1.7480180017706761,0.9000727368944323,8.197642173609099,10.088903113506941
50,1.8531837858931652,0.5171424398238909,0.4158731273576448,0.5676137327139921,0.9432338121568971,8.05926505943797,9.912448845331134
51,1.932254758968611,1.7180511651509933,0.704243228647087,1.8039135931211243,0.871014405612921,8.183540054652383,10.115794813620994
52,1.7560537876611928,0.8110999772776735,1.0340756084065617,1.8326468056660463,1.0107011640807473,8.263400641161533,10.019454428822726
53,1.6578426466865572,-1.5487387408884485,-0.4913846583722945,-0.6197993623814142,0.8586761290540035,8.534286941381076,10.192129588067633
54,1.8343948614114804,0.35590738074440864,1.3336673205680687,0.4545374257639292,0.9216737535011252,8.381107755227713,10.215502616639194
55,1.8607490027237255,2.777461255711275,2.262744154165219,4.062149157238522,0.9200260699895604,8.436705962128489,10.297454964852214
56,1.7843065720211317,0.7073777750005581,0.7297281124606405,2.085292627318905,0.8529829890298535,8.509646805063188,10.29395337708432
57,1.808151335520746,1.7081371606612832,1.001409044568914,2.215223038062529,0.8284459329016718,8.034551300832128,9.842702636352874
58,1.897427272602604,1.0229519640167437,1.3653849528175903,1.6387575365833755,0.9648093891085003,8.10861072128728,10.006037993889883
59,2.157207955435968,1.8177133276476436,2.334509591359388,2.2431416749563287,1.2029861637400319,7.975480233858434,10.132688189294402
60,2.1126345803239346,2.1267960910815686,1.5773507209157218,3.3256873259135977,1.1695323713318975,8.182621991510764,10.295256571834699
61,1.6959191086788117,1.2264839949440138,0.4086909607224798,1.9609486865335168,0.9683430219171325,8.323421255102259,10.01934036378107
62,1.6908675955433772,0.5075433766029978,0.2036638730136482,-0.2771536296488364,0.8811887469388355,8.301442646543244,9.99231024208662
63,2.0829875539285734,2.2336448837838327,1.1488894197730337,4.154594894388719,1.01179775377252,7.80613483556567,9.889122389494243
64,1.6482213145887261,0.3086784340217683,0.4761250845897744,0.6739515339772069,0.7929370325322691,8.623171306755184,10.27139262134391
65,2.133290074228734,2.643423066990146,1.7025157076222017,1.372121118284682,1.1355096633198953,8.08190631374368,10.215196387972414
66,1.8601003724131306,0.6486772006312185,1.2074581697411646,1.4775739424361252,0.9817015563415459,8.071012182572424,9.931112554985555
67,2.0793548366986983,0.9977829147780799,0.8760807257176837,0.7537581490148795,1.0154823551962662,8.161764791220527,10.241119627919225
68,1.784223766034021,1.2112400808358417,0.8564981056884013,1.766877603050826,1.0707713564622257,8.165853389798738,9.950077155832759
69,1.9839181352400352,1.465787333774168,0.6082595670680186,0.24070469620846513,0.881647972388198,8.068791994744707,10.052710129984742
70,1.7515475496580049,0.8476018645558288,0.4620749464733773,1.0089486009272934,0.8094442557105443,8.397301496445198,10.148849046103203
71,1.9193770526237053,1.6922753694489248,2.5639777753028836,1.1024879174980708,1.0221916189764295,8.331076252004532,10.250453304628238
72,1.8651357548965297,0.9454713052808903,0.7834189946839651,1.5626971553199382,0.9966998038149879,8.459213987892023,10.324349742788552
73,1.8364781800041197,1.8867189946744518,1.3496471323116253,2.288693181183266,1.0294522253888156,8.022708459274996,9.859186639279116
74,1.9195574737757246,1.866935503304667,0.9117247082976014,1.4724045440118378,0.8972969260616193,7.791886372639412,9.711443846415136
75,1.8795067671821588,0.263452700931905,-0.747776855478647,0.8611702580500615,1.0268971962304851,8.717664253802916,10.597171020985074
76,1.712190273356562,1.000579759962477,0.23881020375331286,1.8957036689164624,1.0008301018660202,8.45068333297474,10.162873606331303
77,1.9412313719599839,0.8750025563212933,1.8315076254299543,0.8408654783540661,0.9119899109343419,7.795866008222663,9.737097380182647
78,1.8589063533475567,1.5092968116310495,0.6115844838322024,1.9163739471690069,0.9358365978292236,8.170188066476136,10.029094419823693
79,1.9560929478485978,-0.8839754846943171,-0.9765436088813964,1.4631203938924935,0.9111154722221042,7.750273757709358,9.706366705557956
80,1.864038043988625,3.4507321865947533,1.5063567539975549,3.878665000135165,1.138418218883055,8.383258229727474,10.247296273716099
81,2.1654560092393638,2.4691925430217605,2.567983869794091,3.293255950506463,0.9702213868252283,7.522599462863244,9.688055472102608
82,1.7789993451371,1.7676911382417986,1.029451579140585,2.4764195915144773,1.0275876296799704,8.386647084323684,10.165646429460784
83,1.7759704154291178,0.9708206375665469,0.47034760702321865,3.088632590152778,0.8874404432093383,8.060409605930662,9.83638002135978
84,1.878517550086256,0.15499882938742093,1.16464097385628,2.1317439524770023,0.8445613532926153,8.03371669708306,9.912234247169316
85,1.9700635394835473,2.0502965972557536,2.523434044250529,1.122779896080655,1.0938049466584552,7.9651223147905625,9.93518585427411
86,1.983234044629456,-0.22752901251526048,-0.1780370941050018,1.6055653718344196,0.9252165496063465,7.776780947483686,9.760014992113142
87,1.9827527291247815,2.202006822702945,1.5845700836246879,2.2952614643857876,0.9376697608410831,7.628770970497678,9.61152369962246
88,1.9883507226554187,0.906853301692756,1.3015368962923963,1.579117537887444,1.0064830743494748,8.074258320785766,10.062609043441185
89,2.0878113713162607,2.852904710379046,0.16036666269853583,4.242335307355136,1.0857221209602308,7.830592846331963,9.918404217648224
90,1.9229028546867255,0.9705710429103873,1.053330288568484,1.689167844560191,0.9304190453257628,8.073605257702422,9.996508112389147
91,1.8525224894662564,-1.0285451007432025,-1.087638049485193,2.193470168482473,0.9076650846473155,8.176618211510323,10.02914070097658
92,1.8626548986850224,4.311549116052919,0.46836369786650156,2.8982418667271546,0.8193190949035474,8.056676147342468,9.91933104602749
93,1.735023548353844,0.9583453065360397,0.5189968963083982,0.9182887522006369,0.907501649193085,8.181179683549743,9.916203231903587
94,1.7805617715309623,0.39867327707027655,0.7117602732085739,0.6501860933883186,0.9108869719137878,8.2864975560774,10.067059327608362
95,2.070634981054199,2.203552110655125,1.342442439414643,2.4618859739549173,1.0470653715238156,7.8844302661629895,9.955065247217188
96,1.7545447132434333,0.40961935388785875,1.3275514023090031,1.975467922679603,0.7660443692648076,8.57059753705116,10.325142250294594
97,1.7754130155485548,2.7778133524673922,0.32379667770832476,0.6458672178938949,1.040803195410013,8.359388779643616,10.134801795192171
98,1.8782215106304605,0.47231194484689,0.004684710965317862,3.560238507681161,0.7904476092153396,8.272638416561119,10.15085992719158
99,1.9457069576205068,1.8020103521551958,1.188360085517771,2.663568955782149,1.0814898912954272,8.35807759182099,10.303784549441497
100,2.022113962993032,5.3253025155834655,2.2091540450002736,5.026797185498596,1.2069453287534653,8.329700248961448,10.35181421195448
101,1.8284151444037278,1.9959943932389526,2.3737331788744247,3.766591547467965,1.2617492008277802,8.414154913035032,10.24257005743876
102,1.8667732630871967,-0.3856485319047813,-0.5134713743465316,1.732321236009056,0.9109188860937505,8.263853418426947,10.130626681514144
103,1.9860152034591145,1.7410786663719304,1.4411278646042711,1.2753488660448884,0.9697247147400945,8.234745755868754,10.220760959327869
104,1.8429460690357224,1.0737444177960676,-0.714171547032282,2.6057419252881235,0.8776878831007937,8.110152618591338,9.95309868762706
105,1.8801543255807065,-0.3492901144010254,0.7929864560498561,1.7586407472863812,0.905035676150681,8.06306719091503,9.943221516495736
106,2.0865680937744546,5.091754296642995,3.671802679570199,7.087961205251337,1.2625237498179696,8.149967990262974,10.236536084037429
107,2.0299987775932014,2.7753736615363325,0.7982423958740892,2.4325653627926473,1.060913117265839,7.974941297451066,10.004940075044267
108,1.894182301088886,1.1923203563923588,1.3155952684120624,1.945365014401319,0.8705997209193077,8.340529733640878,10.234712034729764
109,1.8437037727745196,1.914697208520526,1.1223565838697196,2.179415964497158,0.8574289554146115,8.09650477060002,9.94020854337454
110,1.751203621773147,2.019093505390376,1.5349455621479322,2.7877227970638936,0.9023759574323438,8.576639764183657,10.327843385956804
111,1.7850711462624531,1.8630473095243936,1.2821698702686573,2.242910634092908,0.9662646764297729,8.023872101940487,9.80894324820294
112,1.65242529325187,0.3945421566101035,0.7692514181462258,1.122458435769929,0.8948653732718328,8.688350517494747,10.340775810746617
113,1.672708794877554,0.29341373930276227,0.7566882346177723,0.21122326135829228,0.8339669264749592,8.421838492968359,10.094547287845913
114,1.9062967972281122,3.8882299607949413,1.113260051365636,3.4770420596654077,1.0279398229836059,8.431038908612365,10.337335705840477
115,2.044493822688276,3.8147191707833668,1.6249420471874627,4.173439917315028,1.1366521921780484,8.02575275581039,10.070246578498665
116,1.9680701244953136,4.637823391830087,1.7995373005348183,3.342246171855277,1.0593629083913016,7.692061278567652,9.660131403062966
117,1.8952898143675068,0.4783552984306647,0.11342037481091438,1.8586594543547146,1.0144107487892406,8.082541196007353,9.97783101037486
118,2.048900982834124,1.5825880002437547,1.1435926598590758,0.6886154280041623,0.9275103640368472,7.458904716505077,9.507805699339201
119,1.7919609902366407,1.6138894441493772,0.7069233446824201,0.21346246198975205,0.9331088478351566,8.294256567817326,10.086217558053967
120,1.9929535103489826,3.6464008386049516,0.16019477456368225,3.940348252611386,1.0579730676215526,8.265568316057937,10.25852182640692
121,1.8747236794969933,2.608814381033369,1.6691515116012523,4.108600983224756,0.9341899422070701,8.079580167499367,9.95430384699636
122,1.9111237125221336,1.982525706288576,0.34921344166478807,4.405003182679158,0.8686532798443365,8.292985401396603,10.204109113918737
123,1.851733650576115,2.067103254854538,0.5796363987644235,4.391358142512518,1.0039708434877168,8.208444076934729,10.060177727510844
124,2.036634219060552,1.4052307204975367,0.3372409989139902,0.9837040116792664,0.9980764617949616,7.674931721985168,9.71156594104572
125,1.935469523223122,3.5665483922674843,1.6198885436346675,3.231812172284008,0.969534630153642,7.817414899819153,9.752884423042275
126,1.9095959814822594,1.6681267094565042,1.7979023753959633,1.973038877049746,1.036845235856144,7.601492015507438,9.511087996989698
127,1.7998909155677367,0.928757014231695,0.9035001036449026,1.9174227750291306,0.9048673005651291,8.25047921521369,10.050370130781427
128,2.0831619892231146,1.22566211324779,1.476101760580288,1.9254527802596342,1.0147394137029417,7.871308816810085,9.9544708060332
129,2.0073875381027886,3.537220601722514,0.9411759586996635,3.0349687873564823,1.0303191013445328,7.761802632655135,9.769190170757923
130,2.0503991034983127,1.8568316269715601,0.7554238487294898,2.423135101870959,1.118814908407721,8.126206470867725,10.176605574366038
131,1.8115721402991447,0.38739702792108544,0.9051273697538333,0.8214237109679465,0.8785196393657184,8.104175974265138,9.915748114564282
132,1.719233905345364,6.5565806017819135,2.0384839121303995,4.087175546434581,1.110348796412627,8.466075770927905,10.185309676273269
133,1.8290345735213265,0.6543838397403183,1.19916603008914,1.8287340074067358,0.9096896584148073,8.416381312364907,10.245415885886233
134,1.7274342678559762,0.7076962157745204,0.15054034532582827,1.3813703279938738,0.8669491180584448,8.331572115210516,10.059006383066492
135,1.8463692590788607,1.1127607002406847,1.1285331954819986,1.18495663106758,1.0299141006262462,8.22441417792168,10.070783437000541
136,1.8142444556411341,0.7148632546509051,0.9537972455549699,1.233568205415825,1.060252410925559,8.595227783712911,10.409472239354045
137,1.7503658045758144,-0.5874135402098135,0.45635730856530454,1.3155783121392544,0.9969583832173448,8.158503128502726,9.90886893307854
138,1.7683069396593485,1.4638444318510713,1.5175673839028723,1.9213608943867229,0.8893403373263529,8.321275472639522,10.08958241229887
139,1.8840458296611509,0.9049047154604857,1.1112280807345742,1.9480597171365872,1.048760540709821,8.088804455958876,9.972850285620027
140,1.8658634842942288,1.0171960623419345,0.6056605349610624,0.9730212232347675,1.04393665864051,8.218852934335485,10.084716418629714
141,1.9792828463454981,3.5700431068458727,1.7062105726333896,4.918957350499397,1.1488250730542346,8.122371319638866,10.101654165984364
142,1.9645875099115084,0.9107648827010566,0.9316281978137355,1.523167639279277,0.9497853567401524,8.200115111425355,10.164702621336863
143,1.8268593768575379,1.1638605340459214,1.4110364192419942,1.9227347844269436,1.0079846035117637,8.25045107047444,10.077310447331978
144,1.8061198600623598,0.7378800332686661,1.128006059220308,1.0386137081677365,0.9495158740826604,8.435890814179615,10.242010674241975
145,1.6775433726523339,0.6657994118757546,0.34844279005605383,1.9283127013386663,0.873152612907024,8.565623368317432,10.243166740969766
146,1.8097524518825505,0.47228780123916536,-0.5801875637027325,-0.12986652938668453,0.9275039698547287,8.22388756329946,10.03364001518201
147,1.9517717102605747,0.9424138187078706,0.8925574777369922,2.499308106600961,1.0332226837998313,7.967474087640003,9.919245797900578
148,1.770999342415159,-0.044888186311649036,-0.17043531159483294,2.1887743257118393,0.8156953126275965,8.07354541814853,9.84454476056369
149,2.060969914708343,0.940549740205352,0.9036641869059725,1.2127202773863424,0.9732975322309874,8.017852273088156,10.078822187796499
150,1.959504486062058,1.3217865598524519,1.536522553981214,2.468483619912541,1.1230520762467548,7.883002155517915,9.842506641579973
151,1.9554380599790875,2.3955453512302336,0.7268567144100104,3.069039403213443,0.9430489163031388,8.279188439721285,10.234626499700372
152,1.982001214650797,1.8771542951646225,0.7932713149413297,2.937012373616964,0.9208383219360028,7.570784019960541,9.552785234611338
153,2.016948932951478,0.13813490173485832,-0.22908330331542137,0.6718944255042287,0.8945650217978973,7.94703352777868,9.963982460730158
154,1.8530692110390259,-0.22701338974985852,-0.34728341909876903,2.008019468628681,0.9117533028379281,8.336838161365678,10.189907372404704
155,1.9050462746059047,1.6526455588504319,2.3116784183759904,0.5971241787349677,1.0909837239759943,8.300866264924789,10.205912539530694
156,1.750990189949242,1.720717024518561,1.1140715618826853,3.7852751922320205,0.9102212417039057,8.518795937166601,10.269786127115843
157,1.7768411137482083,5.802554806466906,1.2418931416876031,3.6008595394260534,0.9378475468306284,8.413156084067829,10.189997197816037
158,1.9552450272128254,0.707581999522565,0.6631860374427565,2.1334930470348676,1.050102583172805,8.065941684186129,10.021186711398954
159,2.3736128983755655,0.43996659974120345,0.9447758515117743,2.0682462704359583,1.1000077269704043,7.237769770481162,9.611382668856727
160,1.9773804298299567,1.677321633695315,1.3776718914664006,1.0854400681332992,0.990979784736572,8.041765160323955,10.019145590153911
161,1.7796922537100208,1.365825264639967,0.8032866633091245,0.7705732842973044,1.0924504224670013,8.451733693668672,10.231425947378693
162,2.0600738188435663,1.4054415617502114,1.0597275032450328,2.6278991884030725,1.1369487433829013,7.794348230659676,9.854422049503242
163,1.8314116518564738,0.9204516091576824,0.7492528022631078,2.55565793473855,1.0269790451140977,8.627900917392228,10.459312569248702
164,1.8739829678536601,1.8413276961161307,0.41445132217602154,1.632751240568545,0.9824067775684151,8.240675354271442,10.114658322125102
165,1.9431282796739104,0.7836101194042762,1.0531621444116972,2.814734153165668,1.0627664930521568,8.180999045624727,10.124127325298637
166,1.8455220369207215,-0.45068968737652604,0.13284069238077567,-0.054542273912209005,0.9401477224879824,8.156980738077868,10.00250277499859
167,1.8755386930731088,-0.10588604181199646,1.077824602441658,1.9602619788331945,0.9944655948708192,8.45936319825018,10.33490189132329
168,1.6353469103056906,1.450454692086006,0.8878742695147741,1.2493875747974799,0.9671981643147092,8.459556697329518,10.094903607635208
169,1.9094239569185554,1.5446275389460906,2.700474132586732,3.4017260811598975,1.081774620106339,8.056214664916105,9.96563862183466
170,1.8998420063017765,2.1885991316659146,1.766064985880861,3.3227582833251272,0.9539151404073425,8.019722906739934,9.919564913041711
171,1.7567635525251202,0.38792252820216566,0.7498749793629267,0.5958873897066137,0.9701635187540405,7.986507955101185,9.743271507626305
172,1.8499062093683136,0.7578594396574245,0.2989330526884735,1.1771060849673933,0.9898144777795315,8.310791543816109,10.160697753184422
173,1.7235693085728485,0.5999284165393868,-0.029819383256473042,1.9366465049148238,0.839779652608486,8.37781377465836,10.101383083231209
174,1.820927776170688,1.5623124073714951,0.9492026564767295,1.434390787674781,0.897608459078818,8.420527037050519,10.241454813221207
175,1.891031570421962,-1.3366608016368442,-1.2148870945905434,0.8575677017140171,0.9095655819571848,8.23967338080418,10.130704951226143
176,1.8159700987548941,0.40865490131171045,0.8223399401293936,0.8245166580388485,0.8875074986865461,8.441023132400138,10.256993231155032
177,1.9695828775372135,0.937566415659147,1.0895069042479588,2.716417276482381,1.0596447587393216,8.093659041392897,10.06324191893011
178,2.0301122647038206,2.9345383122251008,1.7182448596029172,2.046309407524505,0.9818682362881248,7.938906874045193,9.969019138749013
179,1.742929302475238,1.9689231392306175,1.495665561204727,1.93928019751058,0.8478703044839766,8.145532007448253,9.88846130992349
180,1.7244914887127418,0.5613164007589573,0.9410216299559431,0.7902300503566821,0.9932065616345844,8.400204295418012,10.124695784130754
181,2.099295825622117,1.2945364652513636,0.8338863158300232,0.7520549630718354,1.0099717342062315,7.757848243035892,9.857144068658009
182,1.817259475361043,1.0779817401880596,1.8459793629630563,1.4263383191581345,1.0641100202368592,8.472167122954621,10.289426598315664
183,1.9047738780210164,-0.029073737330821636,-0.15011213077248353,1.5612624271491056,0.9593608914584277,8.20124013497261,10.106014012993626
184,1.8568397755822428,0.5459408806439345,0.5941542672319153,1.9764818378003093,1.0085108624390586,8.421752013102823,10.278591788685066
185,1.7772397034064866,1.4492121292767788,4.296132231388645,6.365498489140229,0.9321451285365874,8.560089651776703,10.33732935518319
186,1.8428579237873315,0.1307862601571692,0.1219538780650149,1.3122197433570109,0.9695554635041677,8.524697838879526,10.367555762666857
187,1.8198740870205565,0.5349637612372966,-0.6710531382911507,3.245682827233235,0.9088413307985439,8.312690314952231,10.132564401972788
188,1.8963780296270105,1.6592363917859019,1.1839034528784214,2.907834363312885,0.9592648715203915,8.306774189264043,10.203152218891054
189,1.8092929470928425,0.22838708922476192,0.7457504506723014,1.6751253629738712,0.8671632014507535,8.208715605312978,10.01800855240582
190,1.8374827166833132,0.415347001112508,-0.4923757058481941,1.5210467381691686,0.8603091344435456,8.14907859131968,9.986561308002994
191,1.9630700462541562,0.8692774300138404,0.6460485478466653,2.253711572901991,0.9334739647983856,7.887405172121431,9.850475218375587
192,2.0481492115208795,-0.033398142398522346,1.42480462680283,2.188029201060858,1.1319514390133563,8.050011995277305,10.098161206798185
193,1.9966815361333499,0.8762367922377736,1.8699017233244426,1.6951966654944588,1.1245466703758624,7.7419563789904,9.73863791512375
194,1.6548508667180606,1.231050200106909,0.32527349722494936,2.733570075165082,0.8388214871596107,8.323301604908684,9.978152471626744
195,1.8045760790352805,0.15024037707712257,-1.2808168028652105,2.63201606160554,0.9276101805980339,8.216379668269447,10.020955747304727
196,1.7413660485160012,2.897998631956491,0.4117147335842395,2.889321793474231,0.8452202938205611,8.377941694211245,10.119307742727246
197,2.010752435966978,1.523870543079875,1.6129223509514743,6.138078402657829,0.9715615275434972,7.740654529261404,9.751406965228382
198,1.8096404165054878,0.46201577913661707,-0.08414032240493263,0.8862161574966991,1.0356814744559384,8.504648173677975,10.314288590183462
199,1.9365682492615166,0.3657964382583181,0.43092758745133874,3.3077283423882275,1.0418905020497506,7.894535745479181,9.831103994740698
200,1.9445366240715458,0.25946758301943706,0.8129455739741811,1.9494433757248855,1.005841609171732,8.54706060375392,10.491597227825466
201,2.0275045450436355,2.0701591096515397,1.9835314474490353,1.6538442993932811,1.0579566200959127,7.706172479994988,9.733677025038624
202,1.8908626112603253,2.2175547065907995,0.5174859900500559,2.114464733725965,1.0558248063792217,7.986357828059876,9.877220439320201
203,2.017631024170253,1.5030317236661475,1.1193973722590531,1.6539397802467222,0.8696814391666603,8.129400575475486,10.14703159964574
204,1.7525928111876468,2.6916369622527316,2.444737325791025,0.9839469456099303,0.8226994806691419,8.276651796468304,10.02924460765595
205,1.76702632089658,1.8950340397414993,1.6761139747342044,1.2199063151936675,0.9435566315556909,8.464794078352789,10.231820399249369
206,1.90418270866153,-0.33623977364203217,-0.6023545619616417,2.037480170940137,1.01318573439897,8.153179952529953,10.057362661191483
207,1.8900560462515656,2.1401929555291375,1.6592997333746151,2.9166724149971706,0.9783746522281973,8.234889117675536,10.124945163927102
208,1.921391947394934,3.478901649517738,2.5877587167228526,5.133229492185833,0.9940803682791313,8.171716587709433,10.093108535104367
209,2.1519855346819883,1.1628383188433866,0.722261666083539,2.253246464817262,1.0210582958572127,7.777619846758133,9.92960538144012
210,1.7595890632390763,0.7905141986325948,0.8312938178477012,1.3217194013397853,1.0256259810199668,8.115726578552973,9.87531564179205
211,1.9672261077074111,-0.26322267915411235,0.1672348952526006,1.2403615916425093,0.9840188021417915,8.241657602569074,10.208883710276485
212,1.8333361120540737,1.4402041737655975,0.5774577876079774,1.1482952979627645,0.8435125139729216,8.221939662926792,10.055275774980865
213,1.897672196679979,4.845234733554738,2.501375891944871,4.009863222020341,1.0239580179328287,8.05202825697766,9.94970045365764
214,1.8191530408358858,0.22626671620692118,0.3381198570619848,2.301252535810674,1.0219920372843267,8.33033029947272,10.149483340308606
215,1.7508121428895684,0.39121491966303346,-0.019825329752297005,1.425957841413234,0.8921187071937253,8.145700031497727,9.896512174387295
216,1.9566503454231388,-0.8867500961309744,-0.8515006920435884,2.52227730223539,0.9658553405611374,8.361785107458374,10.318435452881513
217,1.9129540466514818,1.1969213659810531,0.6293279238210281,0.9977923020577244,1.0193867054597319,8.269404533296498,10.18235857994798
218,1.9766966889460669,-0.019049164905590832,0.22559799865498764,1.0428184531625981,0.9689290968330941,8.006364373403606,9.983061062349673
219,1.8048972623577964,1.0315953958629263,1.4453155196981404,0.5939273079157905,0.9711052028076668,8.500052870790853,10.30495013314865
220,2.044702487854,0.6597303838212176,0.5636310382250467,1.2995541217537632,0.935809359556661,7.795323901680362,9.840026389534362
221,1.690153113493519,0.04022122958111485,-1.037316415377556,2.9322019300624724,0.882970970135132,8.48455537225339,10.174708485746908
222,2.1403417532013913,1.9181215948653998,1.7060409757651018,1.890153802371274,1.1761941072824176,7.900926959485655,10.041268712687046
223,1.7514183189978327,1.125452314907287,1.4160290392228636,1.5146430647701736,1.0497334579458704,7.928943275428257,9.68036159442609
224,1.8324149637656273,-0.28867683632268104,0.4369813711459498,-1.8019935858218847,0.8915768202711742,8.400377988470842,10.23279295223647
225,2.0309329848450677,0.5655104158671165,0.16670377685941684,0.47351690202235375,1.0079853887622137,7.784786215416917,9.815719200261984
226,1.8203046462667025,0.9273039446834139,0.8798928065595919,0.8504641936114039,0.9232735718964173,8.256226882142336,10.076531528409038
227,1.9877036560354657,1.9660207173704718,2.299435106212548,1.6624241955402783,1.1322919214134375,8.11360689255396,10.101310548589426
228,1.9018513706988927,-0.059844935249382836,0.26891315606090593,0.8044188670262495,0.8648518170191206,8.255979618552821,10.157830989251714
229,1.8526838220773936,0.9263278524885084,0.6627375912556543,1.3970492405594728,1.0454363944617335,8.213040466676592,10.065724288753986
230,1.7666330998288728,0.9736128804572912,0.8520596202777413,1.5763924491929358,0.9891657937360359,8.820237415220866,10.586870515049739
231,1.747404016609023,0.44139540906663033,0.6630306137485276,1.9577658254186638,0.9696247330751597,8.252051922874282,9.999455939483305
232,1.9316109168046935,1.0736958771012373,1.2876217532656238,2.000936160646899,1.0268961372128378,8.398639225311078,10.330250142115771
233,1.7488138729557798,0.5298372420326825,0.5724331991974783,1.7233306600433234,0.8730393045116629,7.95139813298682,9.7002120059426
234,1.7559871176370017,1.4710024776239328,0.647049244955979,1.007248711794377,0.8785927506817939,8.16759078288365,9.923577900520652
235,1.6299401402901204,0.6483279844375174,1.4485520035646826,2.3319767263830866,0.8159962003397334,8.719871632389209,10.34981177267933
236,1.6876810307000287,0.8973173616341286,1.5250548090359053,0.5050379992602538,0.9106802400904712,8.314758514680554,10.002439545380582
237,1.9453742595021648,2.028333606096707,1.2531062148413712,3.8005331580590367,1.131120832368637,8.218495942216775,10.16387020171894
238,1.931582022167456,4.381521756899843,2.2680806789360215,4.7262557361056245,1.0762979746283483,8.07469822540645,10.006280247573907
239,2.0812423987162108,0.7688323146494573,0.7812027498607237,1.9862594946619394,0.8997373086306502,7.771740638411262,9.852983037127473
240,1.8954401005816255,0.5653000195469184,0.6539600356758131,2.8999287661620192,0.9701273059826598,8.020100333111756,9.915540433693382
241,1.8878236702051918,0.5637515549305334,0.3615265037351172,1.5765783229552166,1.0491039435641563,8.571045061351024,10.458868731556215
242,1.94323929789455,2.025836339438719,1.9741258488469948,2.1869880617785458,1.046346014932885,8.262977637467284,10.206216935361834
243,2.0603718042425436,3.281059523704924,1.334405529757328,2.622239356319011,1.030340912639784,7.78110862035255,9.841480424595094
244,1.9393154341312382,0.057213423490967585,1.410363815873966,2.461525477793509,0.9311637031658813,8.167179381623303,10.106494815754541
245,1.8441256325362207,0.4494411183042155,0.4306237372984616,-0.2527414767648626,0.8727966698290648,8.298587021761028,10.142712654297249
246,1.6693667806333856,0.7939285847148945,0.349360519988247,1.3006771691351904,0.9432485891219358,8.634797037870356,10.304163818503742
247,1.6818281741350916,0.41450927000372895,1.2361472212040343,0.3658541770041299,0.9248209279214326,8.790984874316576,10.472813048451668
248,1.8856472356693974,1.828853681650286,0.5972392265519835,2.634239059446637,0.9428252431481621,8.195230046515544,10.080877282184941
249,1.8626324388991256,0.6558925612914601,1.6750219192100215,2.7072351902254965,0.9906873752501766,7.9667582637554135,9.829390702654539
250,1.7522781541939416,1.501345013937617,0.47121014874626255,0.8105216907982634,1.0033751886971998,8.274269469796259,10.0265476239902
251,2.0138528549657364,-0.5291037002085375,-1.2492437804823897,0.29727283884067823,0.9704233754761362,7.760676733009686,9.774529587975422
252,1.8824349197492882,0.9547521842488975,0.8146112981929599,1.9373924533852365,0.8623866228417927,8.058415564691446,9.940850484440734
253,1.8342052121095964,0.16285422547106077,0.1094720569920824,0.4215607626698348,0.9240736506499281,8.136792044584329,9.970997256693925
254,1.7118911076434937,0.328176809367382,0.6201038726637429,1.914481773582891,0.8038324455835428,8.502987349005608,10.214878456649101
255,1.9440816369442828,1.1226910258526912,0.8976792316711562,2.6541813817997415,0.9516168369768927,8.226211222346947,10.17029285929123
256,1.7631874319983485,5.684115539242313,1.9120327587588921,5.863857450914446,0.963558182485641,8.374940061160462,10.13812749315881
257,1.9758996333870478,1.1015208426639895,1.2457601502192297,0.34128166211628796,1.086795786584959,8.140531070516154,10.116430703903202
258,1.9219536527669279,0.9171464962960822,1.0043216265504857,0.2528057519627891,0.8079497776668569,7.999373804408294,9.921327457175222
259,1.7057705858242844,-0.06807433464355972,-0.05836140331051176,1.9475519078065162,0.8304567040181681,8.365975928338898,10.071746514163182
260,2.2097905362587387,1.8338428080770184,1.6581906916125506,2.076325798050125,1.11202741639604,7.485409347858107,9.695199884116846
261,1.6964276862706313,1.7724274471926917,1.1046780415979334,2.4290256556731267,0.9722658633802554,8.349098577134416,10.045526263405048
262,1.9595328601546012,0.8371851676536863,1.879592739559686,2.4992358756219133,1.02546355257511,8.569057847052397,10.528590707206998
263,1.9386711654530764,-0.2022970230323029,-0.3729482172719294,-0.3559994089234868,0.8136369384895787,8.136022535711929,10.074693701165005
264,1.882429342179858,1.2198509938832531,1.283204533337857,1.7787983486233312,0.8571740924863696,8.352322092683973,10.234751434863831
265,1.8174869482447953,0.49162107100173547,0.39659894110031146,2.3956747820015636,0.7353110237986462,8.42429788757524,10.241784835820035
266,1.8351660828815906,0.3036052949045338,-0.006335857378779952,1.2910681241125912,0.9649261014438202,8.197972405992937,10.033138488874528
267,1.763507752299386,0.41451630485716207,0.2529150694445099,0.38813476476852227,1.0488236264801798,8.247038920351635,10.01054667265102
268,1.5854336172524963,0.22192058996855746,-0.4050603091971716,2.1870651866847477,0.86648865803518,8.591141344182018,10.176574961434515
269,1.9974171519999917,2.1545451770987363,1.2111595172073173,3.2460722951954013,0.8578979232205175,7.974676919210433,9.972094071210424
270,1.9573583133361225,1.2635630135700469,1.2832706349870273,2.364593967148804,0.9890325485013722,8.091673483110284,10.049031796446407
271,1.752006599296708,-0.9996035679636197,-1.0426727795285675,-1.2665416578729038,0.7462875155235136,8.16274838327342,9.914754982570129
272,1.825005415704073,2.8990744646690807,2.417359305317717,4.132602474771477,0.8933872936122613,8.375401274261819,10.200406689965892
273,1.7368166364571955,1.0006457788882246,0.9343859895597806,1.852541706861599,1.0066992278830944,8.291578656925136,10.028395293382331
274,1.9369051246214806,3.8539666024687698,0.8778020777089459,5.259525122043619,1.0916849207825783,8.056011044527578,9.992916169149058
275,2.0211044351575946,1.7494595148347702,0.46877115929498725,3.791034405620634,1.1034301008777059,7.698536813669543,9.719641248827138
276,1.9205092828222359,0.7030600622061813,0.845767640745251,0.9561333256649451,0.9172334576397714,8.119136227120372,10.039645509942607
277,2.0687420749461394,1.228129396485305,-0.053265720199931366,1.5685425320468571,0.9833846658643708,7.728646502773162,9.797388577719301
278,1.9735974520833874,2.0999893367971625,1.1418815829801043,3.1663882356476405,0.959016570235673,7.88543885581352,9.859036307896908
279,1.8757000778663269,2.6731166268042363,2.237479016171061,0.8327615325998345,0.9050792474486777,8.299844192405859,10.175544270272185
280,1.9939464301505172,3.0447544193643883,0.8303693256054849,1.7867845998862932,1.1808135113579121,7.942062993872456,9.936009424022973
281,2.035558406015813,0.46943205914565667,0.9391473787865765,1.3842590264115497,1.0118935730372343,8.025860717780443,10.061419123796256
282,1.7649476263878583,0.10495291044920041,-0.20407901053683197,0.5138234450297192,0.7985172907069482,8.52768156641277,10.292629192800629
283,1.7721046872505326,0.23617401801661586,1.0285975471934194,0.9945378011529553,0.7854361224141488,8.291953181039634,10.064057868290167
284,1.9790661228464614,-0.017823510430948986,0.2683318278999769,1.9764334897011588,0.9656379929712597,8.059352380720686,10.038418503567147
285,1.908557683003509,-0.06340602069506662,0.41316329879218205,0.2875707274381023,0.8048724778775695,7.954716788127469,9.863274471130978
286,1.9238616877428782,3.109668569093577,1.2390364810721501,1.9985669624478435,1.049397562855309,7.988546560838783,9.912408248581661
287,2.0815795503550385,1.154806699798705,0.9041789238695168,1.2457206732706818,0.9250547814859582,7.62337041469443,9.704949965049469
288,2.082399063367001,2.8311615390314158,-0.7992508625293686,3.434320075706588,0.9452794140650369,8.156399273975579,10.23879833734258
289,1.7671191233055623,2.0975326010960105,0.8403097714596615,1.9637265890454878,0.8343388563422232,8.284953682472128,10.05207280577769
290,1.850433562333519,0.39069586260106615,0.2606024113797365,1.0103285897071406,1.039147470389271,8.294345660008817,10.144779222342336
291,1.9422177471707602,0.9590676116325838,0.46698087412569533,2.0523363659217386,1.0143691786557794,8.042705816452411,9.984923563623171
292,1.9130200155281116,1.6100791882682977,-0.21764973633493057,1.5500630192919918,1.0158188652577507,8.35452827655141,10.267548292079521
293,1.926379877897121,0.8346819913429222,0.9207894158125023,1.9759563223448087,0.9659917364456967,8.536708053546205,10.463087931443326
294,1.8225467570729172,0.548879376748189,-0.12316929887492556,2.5820803408753723,0.9772896170384948,8.154064013861895,9.976610770934812
295,1.778175437369777,1.6730258870305308,-0.0065989746128791715,4.129757414169999,0.9036428389912103,8.541764068558312,10.319939505928089
296,1.978068775884977,1.6154896265255942,1.738494558308024,4.266110140665364,0.9582610516177787,7.879886685897763,9.85795546178274
297,1.730440367013708,1.5571324620769307,0.9644188422810194,1.2786446317250864,1.0709710570754325,8.605629169622242,10.33606953663595
298,1.7390764241403733,0.19780148221838,0.6836749276203884,1.0411261432273404,0.8340890202337987,8.363177099386565,10.102253523526938
299,1.869525920998516,0.22894671380561427,0.27425196776953786,1.2403724738950521,0.9778846516631514,8.310869490081242,10.180395411079758
300,1.8870301837255123,1.6641291356811148,1.3768570361415184,1.8082924897736057,1.0603231893048002,8.366130464615363,10.253160648340875
301,1.6279302783995817,2.2740544273454635,1.9628774939511393,2.6788816953861234,0.786185897650113,8.363102807023925,9.991033085423506
302,1.8184807305118742,0.5756343930126437,-0.10659440916163154,2.136838424366699,0.9188635854407634,8.022519608413624,9.841000338925499
303,1.8727152469871786,1.5390918615750202,0.7795352038651489,2.3365062065699376,1.093669349384876,8.065023751601474,9.937738998588653
304,2.0235934696377846,1.2875023174149205,1.5142101811760225,1.6419200692839506,1.166931963959649,7.790542265299649,9.814135734937434
305,1.8583088937351278,1.4260052610462846,1.1421362745119032,1.4172348693332961,1.0098161735315472,8.18795828831631,10.046267182051437
306,1.8018055531545887,1.6972828376253486,1.070344487090388,2.567071147892926,1.1131609583431694,8.383756920315522,10.18556247347011
307,2.1487196532479205,2.3237669721416783,0.5534970884237898,2.908120915125605,1.1938818180037276,7.674504362318824,9.823224015566744
308,2.067802224886206,1.0953493094521596,1.3475675673809184,2.4714325399881965,1.1009719962860331,7.899225318345993,9.967027543232199
309,1.7873209811396062,2.433288101452166,1.2258428316513035,2.5775570501224765,0.8840281947454884,8.340958060590564,10.12827904173017
310,1.7891995810664252,0.9711272550049195,0.5859051771002406,1.8451163331506124,0.8640935018870124,8.171330503998053,9.960530085064478
311,1.779033654158301,1.0099832346091961,1.3123302676578588,1.8013754260143675,0.7883225965820353,8.394887201472656,10.173920855630957
312,1.870757315094119,-0.12742861668437033,-0.17763328102989995,1.6778098193518565,0.8427502626113883,8.386582089544481,10.2573394046386
313,1.7829948089026715,0.8449235211419648,1.622207717584506,1.7905473828968854,1.0287635524286487,8.53892212437275,10.321916933275421
314,1.77160033436299,-0.019747314469040766,0.7175031667499527,1.2452794831756202,0.8592910937235603,8.520781915293817,10.292382249656807
315,1.9671246480264202,1.0689308450638486,1.6800378752717513,0.7926712148702829,1.0790345004384774,8.01880829089161,9.98593293891803
316,1.7012908185613629,1.2511124558554236,0.886031279675958,1.5042897453487902,0.9912888234844308,8.33448281654543,10.035773635106793
317,1.757276909991857,1.9046987129486017,1.8389139178868414,2.798826112397638,0.9408835214286364,8.079073390369063,9.83635030036092
318,1.842434873351138,2.0992354896376164,1.3582849476056396,2.1435810506739243,0.9811640722580566,8.477086325748107,10.319521199099245
319,2.0805676175168495,0.6628002757227769,0.683570820648078,-0.3408861717940832,0.9780809412269398,7.91186873712959,9.99243635464644
320,1.7178621316137122,-0.13418354477344074,-0.48824136461957846,0.7247243449212202,0.8038609976946005,8.096676813548243,9.814538945161955
321,1.634825267923956,1.4039184149858501,0.7998999557398432,1.450004299211347,0.9352004601076764,8.444883607127274,10.07970887505123
322,1.7025628269498707,1.0060753305216021,1.0652256887668399,1.4489337888985507,1.0195579064285445,8.542309221641586,10.244872048591457
323,1.9181629195584424,-0.6909631637611202,-0.3523422359595205,0.5742191566323092,0.9535819102166241,8.20863677126875,10.126799690827193
324,1.890587764583195,0.4129504498273402,0.8639552841682301,1.2665469229894422,0.9047330190819065,8.286642351801255,10.17723011638445
325,1.9224038938291166,0.6795499837850971,0.7606911298480012,1.8147941650692947,1.0676943287899952,8.478634139682818,10.401038033511934
326,1.9398436081266226,0.7833790234195446,0.1958034324311666,2.30982818480134,0.9795922304425893,8.448826960520673,10.388670568647296
327,1.9681896782700399,2.1362114026863956,1.5146541186397067,4.021145337068014,1.0158588753054016,8.210295619950102,10.178485298220142
328,2.0261501172304177,3.658284964997902,0.8161366848968212,3.8406548909611598,0.7508329954078821,7.950515320529061,9.976665437759479
329,1.830384247152539,0.35410849106060827,0.2956666665566958,0.839605626288896,0.938713066777777,8.22307647459759,10.05346072175013
330,1.8042608667529834,2.4833901039419732,0.8979646907972603,1.8019383951938455,0.9872815080823716,8.35333592720966,10.157596793962643
331,1.9057084944056566,0.511918030690298,0.7177625049196847,1.389155969907526,1.001550101739754,8.053292181802219,9.959000676207875
332,1.8725488865885005,2.6295016211634508,1.5599841706543245,3.373432357135444,0.9729282781914277,8.244770826112568,10.117319712701068
333,1.8863635847636164,-0.2559714702907092,-0.4627142108118125,1.670238791723021,0.967286985703621,8.399432347062753,10.28579593182637
334,1.645266829902825,0.6354975673146672,1.331343106289347,3.328821478554328,0.9603055627559098,8.680707451093372,10.325974280996197
335,1.8445760334791164,-0.6580144202254479,-0.8649513539399045,1.991277286572484,0.929104955270172,8.311928706101469,10.156504739580585
336,1.761096941054019,1.5830060625905977,1.2005868162290803,5.544444840752876,0.8978569916509298,8.573056291167402,10.334153232221421
337,1.8155776762383224,5.320608709790728,1.7213471034466172,4.954809136648255,1.0205882280758363,7.998274426288776,9.813852102527099
338,1.7720052706782443,1.2957926445390062,1.558478950504322,0.9351794403290494,0.8694058865753478,8.66904446196013,10.441049732638374
339,1.714591034972269,1.3643592125744464,1.5450597635313432,1.1820441842880478,1.0024223726264414,8.559946303154842,10.27453733812711
340,1.6947654361171285,1.108511538434254,1.35736465156907,2.318435247831136,0.8107701903129869,8.597176898512938,10.291942334630066
341,2.1247352686181173,3.9637961348500284,1.1536153170434087,3.1226472572042008,1.0701655292968568,7.660762850082925,9.785498118701042
342,1.7557706872097114,1.2154946948433603,0.011207216816924603,1.5202583130947254,0.8647448875135413,8.135507574014955,9.891278261224667
343,1.8405548069106104,1.4230796552085385,1.1980341767001725,0.8115392187397971,1.123582469747591,8.290896713063379,10.13145151997399
344,1.741996193140949,2.2276989883816425,0.47743854817224474,0.5051013145626526,0.919896747163151,8.487876886656132,10.22987307979708
345,1.930483583248055,2.549422624397616,2.7188340004073455,4.7541763769017535,0.9728657020474976,8.181529741910065,10.11201332515812
346,1.8637472494800402,0.4871032280807599,0.6425078744561885,0.9060763958459792,1.0891581153587313,8.365206046002239,10.22895329548228
347,2.0314924916809307,1.3667605451442295,0.9284855888088712,1.3451306060202715,0.9604783339752929,7.741842967060686,9.773335458741617
348,1.917484574057827,0.9113843123895502,1.1208278284335405,0.9892221611263952,1.1154247698378494,7.730653731374737,9.648138305432564
349,1.7599172287644294,1.7097501514363138,1.9865507314382498,3.0367769495014025,0.7444270538236935,8.384137682413616,10.144054911178046
350,2.189183262286809,2.242283687433612,1.2674683855490425,2.1571189320655475,1.3322063784193614,7.641765333955908,9.830948596242717
351,1.9509037233238935,1.0776245981442725,1.3656186445559326,2.2186037607974796,0.8667405963139734,8.27240130897453,10.223305032298423
352,2.0802588501875885,2.7266967134101323,1.1024930375432929,3.3874034079959197,0.9563535143876416,7.722410380769196,9.802669230956784
353,1.7407855875703824,1.3962868868073928,1.778265053125983,1.2267983785060426,0.896440550663899,9.04889335140835,10.789678938978732
354,1.7372952027814073,-0.41718728398503924,1.231973716522786,1.699604564564555,0.9210862068282761,8.650842898596256,10.388138101377663
355,1.8972374797415537,2.519978314638538,1.6417729990278298,2.252829204986256,0.9621055338825872,8.479132686922819,10.376370166664373
356,1.8421539980554513,1.6477043611181932,1.7407654925317901,2.6748880948775025,0.9587750520276401,8.517871523493902,10.360025521549353
357,1.7550663605928385,0.5316120124504504,-0.5572493041214592,0.972042315995727,0.9494183532748521,8.214696476591211,9.96976283718405
358,1.84029480962562,3.5684807668418985,1.5444040895943507,4.427553959051925,0.8925302090620051,8.38630887447187,10.22660368409749
359,1.6966919284795416,0.41125666409944905,0.7207967546940579,1.2950190184452954,1.1208722667044535,8.292355623568938,9.98904755204848
360,2.0336248645810073,-0.22857612530103788,-0.6982201512665367,1.5778361618524273,1.0071068670904286,8.107632365195826,10.141257229776834
361,1.6443544476274496,0.694918284694527,0.0005100089985541345,0.8922535264506735,0.8718396737343137,8.680992038590984,10.325346486218434
362,1.8765368656326498,0.4224480734491989,0.2637459392722139,2.407659950538862,0.8293838574464858,7.997796070228391,9.874332935861041
363,1.9195175001797793,1.890706272423862,1.8320601497983766,2.8122304406467937,0.9103229646723774,8.205964444922454,10.125481945102234
364,1.8589458515677393,2.017630038932137,0.7462310245624799,1.5233219113738525,0.8716156482070945,8.113946401267192,9.972892252834932
365,1.8729640352174393,1.5325749880095056,1.6538605871041598,2.63726989266603,0.8979144083993695,8.084981295775485,9.957945330992924
366,1.7528082588406342,1.203171924756612,0.398236892545591,2.55038071407606,0.9378125059763107,8.546408347928413,10.299216606769047
367,2.0165726690089647,1.7831838319651965,-0.22753768911421623,0.711642906759689,1.072029932571696,7.655383422838002,9.671956091846967
368,1.8858364469285025,-0.2469524694525198,-0.031916179711924286,2.6422351150487104,1.0613704561670012,8.293291598999497,10.179128045928
369,1.7755021387255479,0.41086922729312736,0.6418465584457596,0.6761922921678734,0.9403790099429932,8.643025901492463,10.41852804021801
370,1.9672761602297584,7.657232414441328,1.1569227826451725,7.475312013752585,0.9442535858756653,7.993885875022411,9.961162035252169
371,1.803024681551845,0.3763122144856501,0.48869522615660355,2.68778377738239,0.9753664699670983,8.190258342459057,9.993283024010902
372,2.069385275606116,3.8873110525949963,1.6432953947566462,3.3853034935604898,1.0832220175571652,8.158826043054447,10.228211318660563
373,2.035076983537998,0.3431679946038795,0.2976984509573226,1.9712978054726058,1.1328638732566438,8.052858200794443,10.08793518433244
374,1.810880603555809,-0.6304038789759954,-1.4200040536405205,1.6727538650860916,0.8562039297416821,8.399979386609346,10.210859990165154
375,1.9218624437058693,0.818294090993132,0.19212566332804837,1.6329747616219228,0.903729706075262,8.216783050366328,10.138645494072197
376,1.9478293741697303,0.04091346074684754,-0.24007992322616012,2.5693199505624973,0.971960323690527,8.21734302681698,10.16517240098671
377,1.8521498644922252,-0.35943422045150175,-0.7638120155892416,1.5256993122168165,0.7299357550928756,7.902427866876249,9.754577731368475
378,1.6592431711886189,-0.861013331945693,-0.6770000753793837,-0.978880724690347,0.8376690510592026,8.512004286290797,10.171247457479415
379,1.8776202439084724,1.0659675991211253,0.7502677177007362,2.3990733003061413,1.0943582828279124,8.326483822282938,10.20410406619141
380,1.8382868932577576,0.7248896797740905,0.6822168942539952,1.1049483057631049,1.0468194962204813,8.31917214288631,10.157459036144068
381,1.9339636295094156,1.4877644254998232,0.49905705488846763,4.465027160326668,0.997997783421128,7.910792552679302,9.844756182188718
382,1.9163645746808946,0.7272140006519012,0.25025697348315745,1.1826864850579073,1.006256571912397,8.280587913553816,10.196952488234711
383,2.162409042963743,-0.27762252312741964,0.2923128270598734,1.766223689839921,1.1923743834520615,7.82200069218173,9.984409735145473
384,1.940114133504057,0.014589996666349414,1.1620189393496552,1.5518275662334051,1.0180724923488211,7.964663440384978,9.904777573889035
385,1.8348684085880187,2.69907222837592,0.6851968430884123,3.742688802931651,0.8691734076796798,8.135025530170292,9.969893938758311
386,2.1279261114622408,0.9557998694847063,1.0035400217241146,0.768656057451004,1.1722546984568405,7.561707377005433,9.689633488467674
387,1.6552282745445197,0.18454251917503406,-0.07513191257906637,1.225424748567795,0.8871362055188552,8.452191222629967,10.107419497174487
388,1.7359564870083517,0.689731102671288,0.8689795125132465,1.4269548462053239,0.9747065769727481,8.373493820818044,10.109450307826396
389,1.7799956064920242,0.22351664895191004,1.0478689799346845,1.9641076440457852,0.9778827287103438,8.404100373928935,10.18409598042096
390,1.911408766323631,0.6933134438396316,0.9078552340031165,2.5494930256374873,0.9789657398101608,7.936889717840168,9.848298484163799
391,1.7899861316093002,0.214300645340467,0.6983340957670432,1.6142071040530634,0.7904628137967067,8.48558990332795,10.27557603493725
392,1.5885800248234503,0.35533168368934387,0.9337646252861149,0.7436172499558669,0.7350786958221946,8.398125794551614,9.986705819375064
393,1.8567488329624506,1.6047643900894912,1.2908581888351423,1.6325816842364569,1.1736957504277283,8.583316858086976,10.440065691049426
394,1.645766878546473,1.1584233309517171,0.6942801118437902,1.483995484510324,0.9042478061801082,8.43522715714462,10.080994035691093
395,1.9388687355977883,-0.634971849947398,-0.5960841860162738,2.339100727876789,0.8986608967909095,8.045535761856048,9.984404497453836
396,1.8711599455171868,0.5863014971009406,1.5234854363210544,0.8565286859342516,1.0158740465070983,8.328031832258809,10.199191777775996
397,2.0289599874856012,2.132514716386866,1.868696762438148,2.561609156147266,0.9720504896780415,7.9235236597214875,9.952483647207089
398,1.854143117281449,4.077776363633954,2.177746480462156,5.22400563251534,1.1877300396452437,8.062310261428983,9.916453378710433
399,1.709472747974683,0.8305143229415917,0.4594543214493867,1.6153091934336663,0.8014014327580088,8.61578790060733,10.325260648582013
400,1.9703514454061821,2.6555701387415267,1.4796693576590663,3.75872796206118,1.097651601834595,7.991440650097159,9.961792095503341
401,1.7833076652366007,3.215276177766201,1.9194131009464979,3.6584256389457197,0.8949064583141717,8.06562852951711,9.84893619475371
402,1.6471457905463431,5.00573136393208,1.6819124205442608,4.760029640082857,1.0717617222210718,8.452425792495234,10.099571583041577
403,1.7976176969556104,0.5811441175399983,0.5394564803335209,2.52826814983476,1.0316908053224254,8.711363426058893,10.508981123014504
404,1.7206867611362142,1.6807471693136646,1.3104803472988922,1.978994756877944,1.1424883439189544,8.834357743844535,10.55504450498075
405,1.7676785725886823,1.3184343512843784,1.0592874518246944,-0.26877829769555817,0.7591584586241784,8.234501098978564,10.002179671567246
406,1.7846989882663422,1.2825955611368185,0.8906709582672954,2.4169814835322194,0.9779746188710323,8.329091023475588,10.11379001174193
407,2.09989148859726,1.3125728360771771,0.596833279071578,1.2401468788650016,1.0973251808179318,8.087442659152666,10.187334147749926
408,1.9924393995946597,0.9555916859199911,0.9983374005686168,1.050504908575479,0.9352703525049308,7.771669395520475,9.764108795115135
409,1.7870197391986586,0.6701882808764128,0.6702348514330208,1.3595789855994016,0.9823634264911054,8.480000477212357,10.267020216411016
410,1.748383144063025,0.450885357172627,0.07920831343694967,0.2857091286582909,0.8652877010652187,8.562351911626354,10.31073505568938
411,1.8813817135436395,0.9835752275154057,0.4168867031174077,1.7908324113480814,1.096549325858033,8.180294496828754,10.061676210372394
412,1.664728236854753,0.4510424938385631,0.9400019029979587,1.393085891066007,0.7948373174778509,8.35150308802135,10.016231324876102
413,1.7363357923825262,1.2687774908479779,1.082569507770903,2.4728753089051936,1.1411997967869167,8.587063865456845,10.32339965783937
414,1.9535927568403064,0.33379167998570924,2.2395566876956736,1.7607970805471882,0.9939353238784225,8.097776939900324,10.05136969674063
415,1.9357288811076465,0.8423704432951817,1.0976039609443866,3.249410825066623,0.9735973722090652,8.125114621500472,10.060843502608119
416,2.067858426671389,0.24435289380733582,0.6610219246959224,0.6479746510974445,1.0386030706361793,8.071953782762819,10.139812209434208
417,2.02450702487862,0.7641316056113743,0.9923405227056108,0.6235707868827651,0.9771641541330094,7.8373074783033125,9.861814503181932
418,1.9216448354340674,1.1072368332417697,0.43572763369293543,0.7090500651752834,0.9169936331349233,8.255907946720175,10.177552782154242
419,1.9460056007382764,1.6872356228982266,0.7841470432221502,3.9481231502681244,0.9156977053460995,8.210789112583061,10.156794713321338
420,1.8676218968629588,-0.30763513234852624,-0.29444358041709284,1.1291795285285744,1.0533684465052806,8.258344484661917,10.125966381524876
421,1.9259313197835812,2.8837033657111633,-0.43778464560353836,2.3377401899631214,0.8401514494576121,8.2385140097879,10.164445329571482
422,1.8718981174520088,1.9138243551072982,0.6717375780689268,1.9881796044993134,1.0636598334873284,8.158670640672527,10.030568758124536
423,1.8193570895584479,0.4608555375867436,0.0005010710393626994,2.179727451998672,1.0129375566048013,8.36055167398333,10.179908763541778
424,2.0140502645462854,1.854952761942077,1.7525544020960249,0.847112928890245,0.9306260056175781,7.963805238831134,9.97785550337742
425,1.8687963900015472,1.0661269275650196,1.3000823251899538,1.0579820620535063,1.051898653080237,8.052909947657971,9.921706337659518
426,1.7089534167588063,1.119108453459679,1.0722339789103748,1.5573662027050474,0.8700754413174572,8.573876708897732,10.282830125656538
427,1.7349120726063205,3.006582286172554,0.8142739209221181,1.8217494854858636,0.9052955548517643,8.434337116433333,10.169249189039654
428,1.9138645346038032,-0.06404094758448231,0.519476370383515,0.0783198409320871,0.8286716091861359,8.20957269310778,10.123437227711584
429,1.9475429878260666,1.31049361877455,0.09615479627954437,3.0414109435398835,1.0077822963835898,8.325522702688982,10.273065690515049
430,2.0904760798788447,0.7709047084916199,1.2937795766504099,-0.06955786190946878,0.9383804722923967,7.493047109811868,9.583523189690712
431,1.7645377171967347,0.40112495615060517,0.6898600131467907,2.3799071181415874,0.8100371702762255,8.55483888858104,10.319376605777775
432,1.7954495253547975,0.5821567877611509,0.03728889587726858,2.96735023113391,0.8347595774758785,8.350858730599864,10.146308255954661
433,1.6213363815889235,3.0669861779120624,0.5589283430549798,3.2457515815669566,0.8163291620172295,8.762376794526494,10.383713176115418
434,1.9148978842926674,0.5366154648379013,0.6218327499565235,1.4514669963773177,1.147699969679802,8.35120074554203,10.266098629834698
435,2.03747709591926,0.8489886743257715,0.7790380271911639,1.5814574065881013,0.9574662485639198,7.909996786849516,9.947473882768776
436,1.7660673491348469,1.7547487442387384,1.080001858596039,1.2547229559207076,0.9408917667537229,8.758721595492403,10.52478894462725
437,1.754923954671117,2.027053611506413,1.0383476649694217,1.083947217770355,0.93965759451949,8.547591101589225,10.302515056260342
438,1.658915508947457,0.8510533192833867,0.8172213405090503,1.015832892390401,0.884834400242736,9.000880247683574,10.65979575663103
439,1.9709106323862358,-0.2529881558061824,0.916343662663204,1.500327411615215,0.9825653805455432,8.146514131253845,10.11742476364008
440,1.8826421027084983,4.198039154019947,1.6129971583808018,2.433538045752891,0.9852031962737646,8.247456933014297,10.130099035722795
441,1.8635652718663973,0.04030782765661112,-0.3760245527547954,1.2486729637287217,1.040695747015075,8.493452064124218,10.357017335990616
442,1.7490809953878639,0.23804935332874066,0.29127693645095043,2.340527594519801,0.9140104537555813,8.453695089978641,10.202776085366505
443,1.818067033345482,1.2821861723777097,1.1105013444451233,2.764624626791576,0.8771251345694311,8.280735137194007,10.09880217053949
444,2.0428957333027196,0.9803540039856191,1.2342005804923217,1.6433042966194278,1.1358608471404943,8.018772037955046,10.061667771257765
445,1.9993279095063201,2.0580892102530903,0.7715665489852817,1.332117377732939,0.9246023249188973,7.9049600603637415,9.904287969870062
446,1.8810811134748473,0.028243709175479026,1.140426017134745,1.63465389560269,1.0693649580965046,8.305503057796493,10.18658417127134
447,1.8413729084437946,0.16974703475706665,0.4760872325580623,2.298290149275525,0.9747209995420008,8.338925865352365,10.18029877379616
448,1.9598149904596731,2.488041993827189,1.1283176466515688,1.877698993689466,1.0064003616360484,8.004638530659292,9.964453521118966
449,1.92291496175101,0.5686123255485418,-0.09412216136930551,1.4534833310434725,0.9108932978352211,8.045314532191883,9.968229493942893
450,1.8298666916986903,1.2428753459544204,1.6509186497493098,2.504320971439472,0.980220593296476,8.201464387115998,10.031331078814688
451,1.8705087733765104,1.380189124446968,1.1715254400912718,1.5105333026833718,1.0686618902714877,8.336344541862118,10.206853315238629
452,2.1258552853755894,1.3883079742188524,0.9829410108829499,1.6133938114820472,1.1160174279866553,7.604404048875146,9.730259334250736
453,1.833428487173471,1.24152315094753,1.0373603793211905,2.1935667414035387,0.8382885543889782,8.302759539240068,10.136188026413539
454,1.75723123680962,0.4262662975327767,0.7322593626743319,1.2669920969273933,0.9137518960098863,8.337949164868741,10.09518040167836
455,1.88773892919043,0.7155556934440432,1.4725073990681021,1.509856360831713,1.1386624680404553,8.750053817697733,10.637792746888163
456,1.7835094296370322,0.8013409230006712,0.4308245312138079,0.6025422121729522,1.1225106303017514,8.56117046544853,10.344679895085562
457,1.7066901806522168,1.1251710069606888,1.0875923880357736,1.3908513038215293,0.8763420642159225,8.013147106138806,9.719837286791023
458,1.7649307777434906,0.8889788038373228,0.24355035710140083,1.1239564651113927,0.9564671629197021,8.590063832394002,10.354994610137492
459,1.7144171249196205,0.7611308124783132,0.40638227388865067,1.0577753271413886,0.9865808880158111,8.430254838268713,10.144671963188333
460,1.897663696147724,1.0273994525035475,1.310161482712556,3.073279081124836,0.9971262965434948,8.341166922878006,10.23883061902573
461,1.857549290258543,2.2003725194188126,1.6195608308125742,4.168069907374197,1.0741140796730293,8.463012805879554,10.320562096138097
462,1.5422711281972923,1.9760293914578595,2.168658551384609,2.6970645953083014,0.7978710000302789,8.604551072369215,10.146822200566508
463,1.7134670070195526,0.7882588206306735,-0.3337603665346185,1.2554708630294744,0.8872293032229761,8.492722517922857,10.20618952494241
464,1.7558069100128684,0.7794515566738704,2.129053713556463,1.639903231497688,1.0469920652733604,8.251703118306764,10.007510028319633
465,1.7987417841496942,2.0419792916249095,1.2103231484082788,2.2247888315541866,1.13601217159075,8.232987834926874,10.031729619076568
466,1.962935606067151,1.2973730723791332,1.2306924335638412,2.3661672527849067,0.8236439535615305,7.932096375441389,9.89503198150854
467,1.9423167144680509,2.432805213451603,-0.12479356875935821,2.4443783859213877,0.9713167066670203,8.091583926998558,10.033900641466609
468,1.7961955612134872,1.1351912762825584,-0.384659339691348,0.5607125707458742,0.8227070183639054,8.467326204884085,10.263521766097572
469,1.9224999319871863,-0.8075705086436518,0.6033143836179011,-0.7595962150632527,0.9256401959991041,8.084557400419978,10.007057332407165
470,1.8226411974942671,0.6608484779118369,0.6983400938143438,1.8998266236473713,0.9217938019176142,8.231281126217116,10.053922323711383
471,1.7751527525185384,1.541812602682072,0.8273441302452151,3.1282182151200977,0.9629727614690933,8.018037558846691,9.79319031136523
472,1.8348840225654204,4.946491991964942,2.575796996789672,5.9802348227326325,1.1072629489690642,8.493337894857532,10.328221917422953
473,1.9645057473536962,3.896012713734015,1.7866498898986123,2.7760619436365626,1.1329134998709547,8.013617473563395,9.978123220917091
474,1.8958465034186958,0.6949608272398722,0.6995575971270851,0.7013528001136318,0.9717947288560858,8.411273407761932,10.307119911180628
475,1.9066686957039707,2.018335478901606,2.086845960875177,2.502935891321126,0.9656801616939175,8.267254235591516,10.173922931295486
476,1.8846553019589605,2.607169579760275,1.4659898445871615,3.045243892442102,1.0716660431842544,7.877976195537539,9.7626314974965
477,1.7897270343224303,1.6285482579002788,0.8227972938879566,0.6763370989241148,1.113378026424702,8.279653482575045,10.069380516897475
478,1.898917357628461,1.2508486160950198,1.364898337907162,2.2181040469687696,0.9537760930083474,8.125408992088934,10.024326349717395
479,1.8510845374486884,1.1935921358973447,-0.2471681075952059,1.3015905215643837,0.9175990992704506,8.284504336084698,10.135588873533386
480,1.7392452475470055,2.261068069871165,1.432999817397631,2.9003132091765957,0.8328162711495968,8.30302928558142,10.042274533128426
481,1.9038383770123115,0.9621547391850713,1.443760867827538,1.2254535230813062,0.8520192586112325,8.215932964777961,10.119771341790273
482,1.9095809071300707,1.1228842718157273,0.7724480507169744,2.6345038617093075,1.1213001243035334,8.171508862021803,10.081089769151873
483,1.7431864303332887,4.565995394561505,1.607626000027941,5.004256743950155,0.8905179675216062,8.158263078076832,9.90144950841012
484,1.8890135573460078,0.7669770484436906,0.4017391941278521,3.982544603317023,0.8518686513345786,8.069746482857965,9.958760040203973
485,1.7902394820832797,2.213372685152015,0.7972303335691446,1.848408661523993,0.903992133611419,8.097691556459562,9.887931038542842
486,1.771921611630333,1.1451036935235024,0.3151262012322542,1.697456467142206,0.8583075777430831,8.728715833862989,10.500637445493322
487,1.9551111394101586,1.019986444438568,0.9101554115278392,1.5414080547924318,1.1961783782656235,8.398158013956603,10.353269153366762
488,2.0069004698360473,2.0648778751477574,0.5180073104375111,2.0209780890564586,1.0716775156946081,7.905714620092574,9.912615089928622
489,1.810394793356295,1.3005961181895902,0.872463871166905,1.8030938522056692,1.0811751116656527,8.285082909524967,10.095477702881261
490,1.7805147952683278,2.4427993816041225,0.9592792747491385,2.5666719669794364,0.8606743524967397,8.614489423579297,10.395004218847625
491,1.6928230023389048,1.6991200371478046,1.467470897248079,1.9088569989570452,0.8655053123680463,8.52582116857441,10.218644170913315
492,1.9091633398776509,0.49296555671890907,0.6589299704703699,1.814039630448771,0.9881685313435242,8.003501925480316,9.912665265357967
493,1.7106408402887787,0.2530874772191707,-0.12703869938085166,0.856540997870066,0.8895528292612704,8.414946314897076,10.125587155185855
494,2.0757699473497713,0.334995761375537,0.15570586590366142,1.4973459212706062,0.9959260547703797,7.845700486528928,9.9214704338787
495,1.8127785488272643,1.4234892008846676,1.217973673785996,1.9749721548248163,0.9823207085729244,8.455501481323214,10.268280030150478
496,1.9167984679277383,0.9345649762142805,0.7838402159332434,1.1699323075727341,0.8849005162145556,7.972348245410132,9.88914671333787
497,1.6113888428959129,-0.09681515423613618,0.5502417249656166,0.7513340786662801,0.9622519599457386,8.557231515616092,10.168620358512005
498,1.8022784219816614,2.7343949753303116,2.026675552590876,1.3409929270580592,0.8910967386865489,8.396565646337418,10.19884406831908
499,1.884616313359965,2.6123043569833673,0.8441751948538796,4.0521822239031415,1.102009140314312,8.349817752671962,10.234434066031927
