date,year,spx,vix,cal_dte,K_target_bs,K_market,actual_price,bs_price,bias_pct,market_iv,iv_skew_pp
2022-05-06,2022,4123.34,30.19,70,3752.9,3750.0,78.21,64.01,22.18,32.94,2.75
2022-05-09,2022,3991.24,34.75,67,3589.8,3590.0,70.6,71.35,-1.05,34.59,-0.16
2022-05-10,2022,4001.05,32.99,66,3620.1,3620.0,73.0,67.1,8.79,34.22,1.23
2022-05-11,2022,3935.18,32.56,65,3566.3,3570.0,70.73,65.22,8.44,33.73,1.17
2022-05-12,2022,3930.08,31.77,64,3573.1,3575.0,73.62,62.72,17.37,34.08,2.31
2022-05-13,2022,4023.89,28.87,77,3666.3,3670.0,83.8,64.64,29.65,32.43,3.56
2022-05-16,2022,4008.01,27.47,74,3671.4,3675.0,87.7,59.28,47.95,32.81,5.34
2022-05-17,2022,4088.85,26.1,73,3765.4,3775.0,80.86,58.66,37.85,30.19,4.09
2022-05-18,2022,3923.68,30.96,72,3559.7,3560.0,54.63,64.51,-15.32,28.89,-2.07
2022-05-19,2022,3900.79,29.35,71,3557.9,3555.0,74.74,59.19,26.27,32.5,3.15
2022-05-20,2022,3901.36,29.43,70,3558.5,3560.0,89.25,59.74,49.4,35.3,5.87
2022-05-23,2022,3973.75,28.48,67,3643.9,3650.0,74.3,59.17,25.58,31.52,3.04
2022-05-24,2022,3941.48,29.45,66,3602.8,3600.0,85.19,57.55,48.03,35.1,5.65
2022-05-25,2022,3978.73,28.37,65,3652.3,3650.0,85.89,55.8,53.91,34.46,6.09
2022-05-26,2022,4057.84,27.5,64,3736.9,3740.0,69.37,55.89,24.13,30.24,2.74
2022-06-02,2022,4176.82,24.72,78,3854.6,3850.0,77.2,55.04,40.25,28.68,3.96
2022-06-03,2022,4108.54,24.79,77,3793.6,3790.0,75.89,54.45,39.38,28.7,3.91
2022-06-06,2022,4121.43,25.07,74,3807.5,3805.0,73.57,54.53,34.91,28.61,3.54
2022-06-07,2022,4160.68,24.02,73,3858.0,3860.0,77.8,53.12,46.47,28.51,4.49
2022-06-08,2022,4115.77,23.96,72,3818.3,3820.0,77.8,51.87,49.98,28.76,4.8
2022-06-09,2022,4017.82,26.09,71,3703.9,3705.0,58.8,54.93,7.04,26.86,0.77
2022-06-10,2022,3900.86,27.75,70,3577.1,3575.0,69.8,55.34,26.14,30.71,2.96
2022-06-13,2022,3749.63,34.02,67,3379.8,3380.0,62.85,65.52,-4.07,33.42,-0.6
2022-06-14,2022,3735.48,32.69,66,3381.6,3380.0,68.09,61.38,10.93,34.19,1.5
2022-06-15,2022,3789.99,29.62,65,3466.1,3470.0,59.0,57.15,3.23,30.03,0.41
2022-06-16,2022,3666.77,32.95,76,3297.9,3300.0,79.63,66.62,19.52,35.66,2.71
2022-06-17,2022,3674.84,31.13,75,3326.7,3325.0,69.38,61.63,12.57,32.77,1.64
2022-06-21,2022,3764.79,30.19,71,3426.5,3415.0,62.95,57.26,9.94,31.42,1.23
2022-06-22,2022,3759.89,28.95,70,3436.8,3440.0,72.04,57.51,25.27,31.99,3.04
2022-06-23,2022,3795.73,29.05,69,3469.5,3450.0,66.28,52.42,26.44,32.07,3.02
2022-06-24,2022,3911.74,27.23,68,3598.5,3600.0,72.24,54.83,31.76,30.77,3.54
2022-06-27,2022,3900.11,26.95,65,3595.4,3600.0,65.0,53.3,21.95,29.4,2.45
2022-06-28,2022,3821.55,28.36,64,3509.9,3510.0,50.6,53.64,-5.67,27.68,-0.68
2022-06-30,2022,3785.38,28.71,78,3449.0,3450.0,72.8,60.24,20.85,31.21,2.5
2022-07-01,2022,3825.33,26.7,77,3509.7,3510.0,86.1,55.73,54.51,32.54,5.84
2022-07-05,2022,3831.39,27.54,73,3513.4,3515.0,72.5,56.66,27.96,30.72,3.18
2022-07-06,2022,3845.08,26.73,72,3535.3,3530.0,75.62,52.76,43.33,31.34,4.61
2022-07-07,2022,3902.62,26.08,71,3597.7,3600.0,72.7,53.6,35.64,29.88,3.8
2022-07-08,2022,3899.38,24.64,70,3613.8,3615.0,70.6,50.03,41.13,28.74,4.1
2022-07-11,2022,3854.43,26.17,67,3558.9,3560.0,69.4,51.24,35.45,29.94,3.77
2022-07-12,2022,3818.8,27.29,66,3516.7,3515.0,65.9,52.26,26.11,30.21,2.92
2022-07-13,2022,3801.78,26.82,65,3506.6,3505.0,63.05,50.39,25.13,29.57,2.75
2022-07-14,2022,3790.38,26.4,64,3501.7,3500.0,63.0,48.82,29.05,29.5,3.1
2022-07-15,2022,3863.16,24.23,77,3572.7,3575.0,76.08,51.03,49.08,29.01,4.78
2022-07-18,2022,3830.85,25.3,74,3535.3,3530.0,58.77,50.25,16.95,27.05,1.75
2022-07-19,2022,3936.69,24.5,73,3644.5,3645.0,73.53,50.97,44.26,28.86,4.36
2022-07-20,2022,3959.9,23.88,72,3673.7,3675.0,77.0,49.44,55.75,29.17,5.29
2022-07-21,2022,3998.95,23.11,71,3721.7,3720.0,72.85,47.4,53.68,28.0,4.89
2022-07-22,2022,3961.63,23.03,70,3690.8,3685.0,63.11,45.82,37.73,26.48,3.45
2022-07-25,2022,3966.84,23.36,67,3695.7,3700.0,66.16,47.65,38.86,27.05,3.69
2022-07-26,2022,3921.05,24.69,66,3637.7,3650.0,69.65,50.97,36.64,28.45,3.76
2022-07-27,2022,4023.61,23.24,65,3752.5,3750.0,62.88,45.59,37.91,26.75,3.51
2022-07-28,2022,4072.43,22.33,64,3809.9,3810.0,61.82,44.32,39.47,25.85,3.52
2022-08-04,2022,4151.94,21.44,78,3876.2,3875.0,75.37,48.07,56.79,26.24,4.8
2022-08-05,2022,4145.19,21.15,77,3874.0,3875.0,73.5,47.24,55.59,25.8,4.65
2022-08-08,2022,4140.06,21.29,74,3873.2,3875.0,73.1,47.11,55.17,25.97,4.68
2022-08-09,2022,4122.47,21.77,73,3850.7,3850.0,70.6,46.81,50.82,26.15,4.38
2022-08-10,2022,4210.24,19.74,72,3961.5,3960.0,67.2,42.81,56.99,24.14,4.4
2022-08-11,2022,4207.27,20.2,71,3952.5,3955.0,67.9,44.06,54.1,24.52,4.32
2022-08-12,2022,4280.15,19.53,70,4031.4,4030.0,65.1,42.12,54.57,23.69,4.16
2022-08-15,2022,4297.14,19.95,67,4047.5,4045.0,62.5,42.33,47.65,23.68,3.73
2022-08-16,2022,4305.2,19.69,66,4059.2,4060.0,64.7,42.07,53.8,23.86,4.17
2022-08-17,2022,4274.04,19.9,75,4015.3,4000.0,67.8,41.76,62.36,24.55,4.65
2022-08-18,2022,4283.74,19.56,74,4028.6,4025.0,73.2,42.9,70.65,24.85,5.29
2022-08-19,2022,4228.48,20.6,73,3964.2,3970.0,71.2,46.56,52.92,24.96,4.36
2022-08-22,2022,4137.99,23.8,70,3843.0,3850.0,67.67,51.99,30.16,26.75,2.95
2022-08-23,2022,4128.73,24.11,69,3834.4,3830.0,57.35,50.07,14.55,25.54,1.43
2022-08-24,2022,4140.77,22.82,68,3861.8,3865.0,63.6,48.41,31.38,25.73,2.91
2022-08-25,2022,4199.12,21.78,67,3930.5,3925.0,74.96,44.37,68.93,27.53,5.75
2022-08-26,2022,4057.66,25.56,66,3756.5,3755.0,54.85,51.82,5.84,26.18,0.62
2022-09-01,2022,3966.85,25.56,78,3651.1,3650.0,70.4,55.08,27.82,28.46,2.9
2022-09-02,2022,3924.26,25.47,77,3613.8,3620.0,72.1,55.44,30.04,28.63,3.16
2022-09-06,2022,3908.19,26.91,73,3589.5,3590.0,68.73,55.77,23.24,29.49,2.58
2022-09-07,2022,3979.87,24.64,72,3684.5,3680.0,73.4,50.35,45.78,29.11,4.47
2022-09-08,2022,4006.18,23.61,71,3722.5,3725.0,65.6,49.57,32.33,26.72,3.11
2022-09-09,2022,4067.36,22.79,70,3791.3,3790.0,65.1,47.35,37.48,26.21,3.42
2022-09-12,2022,4110.41,23.87,67,3821.4,3820.0,64.43,48.71,32.27,26.96,3.09
2022-09-13,2022,3932.69,27.27,66,3621.6,3620.0,64.42,53.76,19.83,29.5,2.23
2022-09-14,2022,3946.01,26.16,65,3647.4,3650.0,70.5,52.0,35.57,29.95,3.79
2022-09-15,2022,3901.35,26.27,76,3585.1,3600.0,69.3,58.71,18.03,28.3,2.03
2022-09-16,2022,3873.33,26.3,75,3561.3,3560.0,68.2,54.32,25.56,29.05,2.75
2022-09-19,2022,3899.89,25.76,72,3597.1,3600.0,64.3,53.37,20.48,27.95,2.19
2022-09-20,2022,3855.93,27.16,71,3543.4,3550.0,66.0,56.51,16.79,29.08,1.92
2022-09-21,2022,3789.93,27.99,70,3475.3,3475.0,61.64,55.26,11.54,29.34,1.35
2022-09-22,2022,3757.99,27.35,69,3453.4,3450.0,59.66,52.05,14.62,29.0,1.65
2022-09-23,2022,3693.23,29.92,68,3368.6,3370.0,72.2,57.0,26.67,33.22,3.3
2022-09-26,2022,3655.04,32.26,65,3315.9,3320.0,53.8,60.27,-10.74,30.75,-1.51
2022-09-27,2022,3647.29,32.6,64,3308.9,3310.0,56.62,59.92,-5.5,31.83,-0.77
2022-09-29,2022,3640.47,31.84,78,3281.4,3280.0,69.73,63.61,9.62,33.13,1.29
2022-09-30,2022,3585.62,31.62,77,3239.0,3240.0,61.3,63.06,-2.79,31.24,-0.38
2022-10-03,2022,3678.43,30.1,74,3342.6,3340.0,67.9,58.85,15.37,32.02,1.92
2022-10-04,2022,3790.93,29.07,73,3457.7,3460.0,69.42,59.12,17.42,31.19,2.12
2022-10-05,2022,3783.28,28.55,72,3458.2,3460.0,77.37,57.35,34.9,32.64,4.09
2022-10-06,2022,3744.52,30.52,71,3404.4,3405.0,60.01,60.43,-0.69,30.43,-0.09
2022-10-07,2022,3639.66,31.36,70,3302.0,3300.0,66.5,59.31,12.11,32.95,1.59
2022-10-10,2022,3612.39,32.45,67,3270.2,3270.0,70.12,59.61,17.63,34.83,2.38
2022-10-11,2022,3588.84,33.63,66,3241.9,3240.0,65.2,61.23,6.48,34.55,0.92
2022-10-12,2022,3577.03,33.57,65,3231.2,3230.0,62.6,59.94,4.43,34.2,0.63
2022-10-13,2022,3669.91,31.94,64,3334.8,3330.0,62.11,57.33,8.34,33.05,1.11
2022-10-14,2022,3583.07,32.02,77,3229.7,3230.0,66.3,63.0,5.24,32.73,0.71
2022-10-17,2022,3677.95,31.37,74,3329.6,3325.0,64.38,61.25,5.1,32.04,0.67
2022-10-18,2022,3719.98,30.5,73,3378.5,3380.0,70.4,61.06,15.29,32.46,1.96
2022-10-19,2022,3695.16,30.76,72,3356.0,3350.0,66.0,59.21,11.47,32.23,1.47
2022-10-20,2022,3665.78,29.98,71,3336.4,3330.0,56.9,55.93,1.74,30.2,0.22
2022-10-21,2022,3752.75,29.69,70,3422.9,3425.0,67.16,58.81,14.2,31.46,1.77
2022-10-24,2022,3797.34,29.85,67,3467.3,3465.0,72.1,57.38,25.66,33.0,3.15
2022-10-25,2022,3859.11,28.46,66,3538.8,3540.0,69.38,55.36,25.31,31.42,2.96
2022-10-26,2022,3830.6,27.28,65,3527.6,3525.0,60.05,51.33,16.98,29.18,1.9
2022-10-27,2022,3807.3,27.39,64,3506.1,3500.0,54.7,49.86,9.72,28.48,1.09
2022-11-03,2022,3719.89,25.3,78,3427.5,3425.0,71.46,50.92,40.34,29.4,4.1
2022-11-04,2022,3770.55,24.55,77,3483.3,3485.0,60.91,50.37,20.92,26.67,2.12
2022-11-07,2022,3806.8,24.35,74,3524.3,3525.0,60.36,49.33,22.37,26.59,2.24
2022-11-08,2022,3828.11,25.54,73,3532.8,3535.0,57.9,52.37,10.55,26.67,1.13
2022-11-09,2022,3748.57,26.09,72,3453.9,3450.0,59.7,50.45,18.34,28.05,1.96
2022-11-10,2022,3956.37,23.53,71,3678.2,3680.0,62.62,48.86,28.15,26.24,2.71
2022-11-11,2022,3992.93,22.52,70,3723.9,3725.0,60.2,46.15,30.44,25.29,2.77
2022-11-14,2022,3957.25,23.73,67,3682.9,3680.0,52.9,46.76,13.12,25.01,1.28
2022-11-15,2022,3991.73,24.54,66,3707.2,3705.0,50.5,48.66,3.78,24.93,0.39
2022-11-16,2022,3958.79,24.11,76,3665.0,3660.0,59.44,50.19,18.42,25.92,1.81
2022-11-17,2022,3946.56,23.93,75,3657.5,3660.0,69.99,51.03,37.15,27.54,3.61
2022-11-18,2022,3965.34,23.12,74,3686.5,3700.0,60.68,51.76,17.23,24.82,1.7
2022-11-21,2022,3949.94,22.36,71,3685.7,3700.0,65.1,49.06,32.68,25.43,3.07
2022-11-22,2022,4003.58,21.29,70,3749.4,3750.0,56.45,43.64,29.35,23.81,2.52
2022-11-23,2022,4027.26,20.35,69,3785.4,3800.0,66.02,44.98,46.78,24.3,3.95
2022-11-25,2022,4026.12,20.5,67,3784.3,3785.0,56.6,41.22,37.3,23.55,3.05
2022-11-28,2022,3963.94,22.21,64,3710.4,3710.0,51.68,42.92,20.4,24.05,1.84
2022-12-01,2022,4076.57,19.84,78,3825.8,3825.0,66.98,43.35,54.52,24.09,4.25
2022-12-02,2022,4071.7,19.06,77,3833.1,3835.0,68.4,41.91,63.22,23.79,4.73
2022-12-05,2022,3998.84,20.75,74,3747.0,3750.0,65.72,44.4,48.03,24.74,3.99
2022-12-06,2022,3941.26,22.17,73,3675.7,3675.0,59.7,45.42,31.44,24.97,2.8
2022-12-07,2022,3933.92,22.68,72,3665.0,3665.0,62.2,46.46,33.87,25.78,3.1
2022-12-08,2022,3963.51,22.29,71,3698.4,3700.0,64.16,45.92,39.73,25.85,3.56
2022-12-09,2022,3934.38,22.83,70,3665.4,3665.0,60.8,45.75,32.89,25.85,3.02
2022-12-12,2022,3990.56,25.0,67,3698.3,3700.0,58.75,50.73,15.81,26.64,1.64
2022-12-13,2022,4019.65,22.55,66,3756.6,3755.0,53.4,44.95,18.79,24.28,1.73
2022-12-14,2022,3995.32,21.14,76,3735.9,3750.0,55.9,48.37,15.56,22.54,1.4
2022-12-15,2022,3895.75,22.83,75,3623.7,3630.0,61.16,48.86,25.17,25.21,2.38
2022-12-16,2022,3852.36,22.62,74,3587.1,3595.0,64.5,47.9,34.66,25.85,3.23
2022-12-19,2022,3817.66,22.42,71,3560.4,3560.0,59.12,43.97,34.46,25.52,3.1
2022-12-20,2022,3821.62,21.48,70,3577.2,3575.0,59.79,41.52,44.0,25.22,3.74
2022-12-21,2022,3878.44,20.07,69,3647.4,3645.0,55.0,38.64,42.34,23.41,3.34
2022-12-22,2022,3822.39,21.97,68,3576.0,3565.0,55.09,40.17,37.16,25.14,3.17
2022-12-23,2022,3844.82,20.87,67,3610.2,3600.0,56.27,37.86,48.63,24.75,3.88
2022-12-29,2022,3849.28,21.44,78,3593.7,3595.0,62.9,45.13,39.38,24.84,3.4
2022-12-30,2022,3839.5,21.67,77,3582.7,3580.0,62.81,44.23,41.99,25.28,3.61
2023-01-03,2023,3824.14,22.9,73,3559.0,3560.0,58.5,46.25,26.49,25.38,2.48
2023-01-04,2023,3852.97,22.01,72,3597.1,3595.0,64.8,43.53,48.86,26.25,4.24
2023-01-05,2023,3808.1,22.46,71,3551.5,3550.0,54.85,43.8,25.23,24.75,2.29
2023-01-06,2023,3895.08,21.13,70,3649.7,3650.0,56.14,42.06,33.47,23.97,2.84
2023-01-09,2023,3892.09,21.97,67,3641.2,3640.0,53.25,42.45,25.45,24.22,2.25
2023-01-10,2023,3919.25,20.58,66,3685.8,3685.0,55.04,39.99,37.64,23.67,3.09
2023-01-11,2023,3969.61,21.09,65,3727.3,3725.0,53.0,40.61,30.49,23.66,2.57
2023-01-12,2023,3983.17,18.83,64,3769.2,3770.0,52.15,36.72,42.02,21.97,3.14
2023-01-13,2023,3999.09,18.35,77,3774.5,3775.0,57.85,39.38,46.92,21.76,3.41
2023-01-17,2023,3990.97,19.36,73,3757.1,3750.0,53.49,38.44,39.14,22.3,2.94
2023-01-18,2023,3928.86,20.34,72,3689.1,3685.0,52.0,40.56,28.19,22.63,2.29
2023-01-19,2023,3898.85,20.52,71,3659.0,3650.0,55.0,39.03,40.9,23.77,3.25
2023-01-20,2023,3972.61,19.85,70,3737.9,3730.0,52.8,38.35,37.68,22.75,2.9
2023-01-23,2023,4019.81,19.81,67,3788.2,3795.0,52.02,41.41,25.61,21.91,2.1
2023-01-24,2023,4016.95,19.2,66,3793.4,3795.0,49.91,38.43,29.89,21.51,2.31
2023-01-25,2023,4016.22,19.08,65,3796.6,3795.0,51.0,37.41,36.34,21.83,2.75
2023-01-26,2023,4060.43,18.73,64,3842.3,3840.0,54.24,36.27,49.55,22.34,3.61
2023-02-02,2023,4179.76,18.73,78,3938.9,3940.0,53.37,42.51,25.55,20.67,1.94
2023-02-03,2023,4136.48,18.33,77,3904.2,3905.0,57.1,40.69,40.33,21.28,2.95
2023-02-06,2023,4111.08,19.43,74,3870.2,3870.0,54.8,42.1,30.17,21.79,2.36
2023-02-07,2023,4164.0,18.66,73,3930.2,3930.0,52.6,40.31,30.48,20.94,2.28
2023-02-08,2023,4117.86,19.63,72,3874.6,3875.0,53.49,41.73,28.2,21.86,2.23
2023-02-09,2023,4081.5,20.71,71,3828.4,3830.0,57.03,43.8,30.21,23.24,2.53
2023-02-10,2023,4090.46,20.53,70,3840.8,3840.0,60.8,42.71,42.34,23.98,3.45
2023-02-13,2023,4137.29,20.34,74,3882.7,3875.0,56.45,42.72,32.13,22.92,2.58
2023-02-14,2023,4136.13,18.91,73,3901.9,3900.0,51.22,40.51,26.42,20.92,2.01
2023-02-15,2023,4147.6,18.23,72,3920.8,3925.0,54.35,39.7,36.89,20.93,2.7
2023-02-16,2023,4090.41,20.17,71,3842.7,3845.0,50.96,42.65,19.47,21.77,1.6
2023-02-17,2023,4079.09,20.02,70,3836.1,3845.0,57.31,43.58,31.5,22.62,2.6
2023-02-21,2023,3997.34,22.87,66,3731.9,3730.0,49.07,45.29,8.35,23.66,0.79
2023-02-22,2023,3991.05,22.29,72,3722.1,3700.0,49.4,41.28,19.66,23.97,1.68
2023-02-23,2023,4012.32,21.14,71,3757.6,3750.0,50.62,41.82,21.04,22.91,1.77
2023-02-24,2023,3970.04,21.67,70,3714.2,3725.0,55.66,46.63,19.37,23.44,1.77
2023-02-27,2023,3982.24,20.95,67,3737.2,3740.0,48.1,42.09,14.28,22.18,1.23
2023-02-28,2023,3970.15,20.7,66,3731.7,3730.0,47.1,40.44,16.48,22.09,1.39
2023-03-01,2023,3951.39,20.58,72,3706.4,3700.0,48.53,40.61,19.49,22.18,1.6
2023-03-02,2023,3981.35,19.59,71,3748.1,3790.0,67.7,50.07,35.2,22.74,3.15
2023-03-03,2023,4045.64,18.49,70,3824.4,3860.0,73.09,46.54,57.06,23.16,4.67
2023-03-06,2023,4048.42,18.61,74,3821.1,3820.0,50.4,39.28,28.33,20.72,2.11
2023-03-07,2023,3986.37,19.59,73,3750.8,3750.0,49.06,40.48,21.19,21.27,1.68
2023-03-08,2023,3992.01,19.11,72,3764.0,3760.0,47.7,38.64,23.45,20.9,1.79
2023-03-09,2023,3918.32,22.61,71,3652.4,3650.0,50.65,45.17,12.13,23.73,1.12
2023-03-10,2023,3861.59,24.8,70,3575.0,3575.0,53.92,49.16,9.69,25.8,1.0
2023-03-13,2023,3855.76,26.52,74,3543.2,3525.0,54.2,50.12,8.14,27.38,0.86
2023-03-14,2023,3919.29,23.73,73,3636.1,3640.0,65.65,49.52,32.58,26.88,3.15
2023-03-15,2023,3891.93,26.14,72,3584.1,3560.0,61.6,47.75,29.0,29.05,2.91
2023-03-16,2023,3960.28,22.99,71,3687.6,3680.0,62.52,45.46,37.52,26.39,3.4
2023-03-17,2023,3916.64,25.51,70,3618.3,3600.0,49.25,47.41,3.89,25.91,0.4
2023-03-20,2023,3951.57,24.15,72,3664.1,3675.0,63.24,52.48,20.49,26.24,2.09
2023-03-21,2023,4002.87,21.38,71,3746.8,3745.0,61.0,43.74,39.45,24.74,3.36
2023-03-22,2023,3936.97,22.26,70,3675.5,3675.0,36.91,44.75,-17.52,20.59,-1.67
2023-03-23,2023,3948.72,22.61,71,3680.7,3725.0,59.3,56.93,4.16,23.05,0.44
2023-03-24,2023,3970.99,21.74,70,3713.1,3675.0,51.66,36.06,43.26,25.09,3.35
2023-03-27,2023,3977.53,20.6,67,3738.6,3740.0,55.61,41.36,34.46,23.46,2.86
2023-03-28,2023,3971.27,19.97,66,3740.5,3760.0,58.7,43.62,34.57,22.9,2.93
2023-03-29,2023,4027.81,19.12,72,3797.7,3800.0,58.05,40.43,43.57,22.45,3.33
2023-03-30,2023,4050.83,19.02,71,3821.4,3825.0,55.2,40.33,36.87,21.85,2.83
2023-03-31,2023,4109.31,18.7,70,3882.6,3900.0,61.24,43.26,41.57,21.97,3.27
2023-04-03,2023,4124.51,18.55,74,3892.9,3895.0,61.1,40.41,51.18,22.31,3.76
2023-04-04,2023,4100.6,19.0,73,3866.3,3865.0,57.2,40.3,41.95,22.15,3.15
2023-04-05,2023,4090.38,19.08,72,3856.7,3855.0,56.4,39.96,41.15,22.18,3.1
2023-04-06,2023,4105.02,18.4,71,3880.5,3880.0,64.52,38.57,67.28,23.19,4.79
2023-04-10,2023,4109.11,18.97,67,3882.4,3880.0,53.17,38.32,38.76,21.87,2.9
2023-04-11,2023,4108.94,19.1,66,3882.2,3880.0,48.21,38.39,25.57,21.06,1.96
2023-04-12,2023,4091.95,19.09,65,3866.2,3865.0,51.3,37.82,35.66,21.78,2.69
2023-04-13,2023,4146.22,17.8,64,3935.7,3935.0,48.3,35.57,35.8,20.32,2.52
2023-04-14,2023,4137.64,17.07,77,3923.5,3925.0,59.3,38.18,55.3,20.79,3.72
2023-04-17,2023,4151.32,16.95,74,3940.5,3950.0,53.8,38.9,38.3,19.61,2.66
2023-04-18,2023,4154.87,16.83,73,3945.9,3945.0,52.8,35.92,46.98,19.92,3.09
2023-04-19,2023,4154.52,16.46,72,3951.7,3950.0,51.2,34.69,47.6,19.51,3.05
2023-04-20,2023,4129.79,17.17,71,3920.1,3920.0,50.4,36.19,39.26,19.84,2.67
2023-04-21,2023,4133.52,16.77,70,3929.7,3930.0,52.94,35.1,50.81,20.1,3.33
2023-04-24,2023,4137.04,16.89,67,3935.0,3940.0,52.2,35.67,46.33,20.02,3.13
2023-04-25,2023,4071.63,18.76,66,3851.0,3850.0,54.11,37.55,44.08,22.02,3.26
2023-04-26,2023,4055.99,18.84,65,3836.2,3835.0,44.3,37.16,19.2,20.3,1.46
2023-04-27,2023,4135.35,17.03,64,3935.4,3935.0,49.22,34.0,44.74,20.02,2.99
2023-05-04,2023,4061.22,20.09,78,3807.4,3805.0,60.1,43.24,38.98,23.19,3.1
2023-05-05,2023,4136.25,17.19,77,3920.1,3920.0,59.1,37.99,55.55,20.93,3.74
2023-05-08,2023,4138.12,16.98,74,3928.0,3930.0,59.45,37.25,59.59,20.96,3.98
2023-05-09,2023,4119.17,17.71,73,3899.9,3900.0,55.45,37.71,47.06,20.99,3.28
2023-05-10,2023,4137.64,16.94,72,3929.5,3930.0,54.6,36.15,51.05,20.33,3.39
2023-05-11,2023,4130.62,16.93,71,3924.9,3925.0,53.61,35.9,49.33,20.22,3.29
2023-05-12,2023,4124.08,17.03,70,3916.7,3915.0,54.44,35.02,55.46,20.68,3.65
2023-05-15,2023,4136.28,17.12,67,3932.3,3930.0,49.75,34.76,43.1,20.01,2.89
2023-05-16,2023,4109.9,17.99,66,3897.2,3900.0,48.9,37.19,31.47,20.28,2.29
2023-05-17,2023,4158.77,16.87,75,3947.6,3950.0,51.7,37.44,38.1,19.44,2.57
2023-05-18,2023,4198.05,16.05,74,3997.2,4000.0,51.07,35.74,42.9,18.79,2.74
2023-05-19,2023,4191.98,16.81,73,3981.2,3980.0,42.32,36.09,17.27,17.98,1.17
2023-05-22,2023,4192.63,17.21,70,3979.7,3980.0,47.92,36.51,31.27,19.35,2.14
2023-05-23,2023,4145.58,18.53,69,3918.9,3910.0,40.25,36.68,9.73,19.25,0.72
2023-05-24,2023,4115.24,20.03,68,3874.1,3875.0,51.72,41.84,23.63,21.95,1.92
2023-05-25,2023,4151.28,19.14,67,3920.2,3925.0,49.0,40.72,20.34,20.74,1.6
2023-05-26,2023,4205.45,17.95,66,3987.8,3990.0,45.32,37.71,20.19,19.42,1.47
2023-06-01,2023,4221.02,15.65,78,4021.1,4020.0,49.45,35.18,40.58,18.15,2.5
2023-06-02,2023,4282.37,14.6,77,4095.2,4095.0,44.9,33.07,35.77,16.66,2.06
2023-06-05,2023,4273.79,14.73,74,4088.1,4090.0,44.62,33.15,34.59,16.76,2.03
2023-06-06,2023,4283.85,13.96,73,4109.2,4110.0,43.07,30.91,39.33,16.12,2.16
2023-06-07,2023,4267.52,13.94,72,4094.6,4095.0,42.26,30.43,38.88,16.07,2.13
2023-06-08,2023,4293.93,13.65,71,4125.2,4125.0,40.8,29.68,37.49,15.66,2.01
2023-06-09,2023,4298.86,13.83,70,4128.8,4130.0,40.21,30.31,32.64,15.63,1.8
2023-06-12,2023,4338.93,15.01,67,4152.5,4150.0,37.99,31.48,20.67,16.24,1.23
2023-06-13,2023,4369.01,14.61,66,4187.7,4190.0,38.3,31.57,21.32,15.86,1.25
2023-06-14,2023,4372.59,13.88,65,4202.9,4205.0,41.74,29.85,39.83,16.07,2.19
2023-06-15,2023,4425.84,14.5,77,4233.5,4240.0,43.8,35.32,24.0,15.92,1.42
2023-06-16,2023,4409.59,13.54,76,4233.0,4230.0,43.92,30.55,43.74,15.83,2.29
2023-06-20,2023,4388.71,13.88,72,4211.9,4220.0,47.6,32.88,44.76,16.39,2.51
2023-06-21,2023,4365.69,13.2,71,4200.5,4200.0,44.82,29.05,54.29,15.97,2.77
2023-06-22,2023,4381.89,12.91,70,4221.4,4215.0,48.57,27.11,79.19,16.68,3.77
2023-06-23,2023,4348.33,13.44,69,4182.7,4175.0,43.14,27.67,55.92,16.26,2.82
2023-06-26,2023,4328.82,14.25,66,4155.5,4160.0,40.81,31.28,30.46,16.01,1.76
2023-06-27,2023,4378.41,13.74,65,4210.6,4205.0,44.0,27.98,57.27,16.71,2.97
2023-06-28,2023,4376.86,13.43,64,4214.4,4210.0,37.17,27.33,36.01,15.3,1.87
2023-06-29,2023,4396.44,13.54,78,4219.3,4220.0,43.52,31.79,36.9,15.51,1.97
2023-06-30,2023,4450.38,13.59,77,4271.1,4270.0,43.5,31.7,37.24,15.57,1.98
2023-07-03,2023,4455.59,13.57,74,4279.4,4280.0,41.65,31.51,32.19,15.3,1.73
2023-07-05,2023,4446.82,14.18,72,4263.3,4265.0,40.9,32.59,25.49,15.63,1.45
2023-07-06,2023,4411.59,15.44,71,4211.3,4210.0,43.9,34.17,28.48,17.18,1.74
2023-07-07,2023,4398.95,14.83,70,4209.9,4210.0,42.9,32.92,30.32,16.62,1.79
2023-07-10,2023,4409.53,15.07,67,4220.1,4220.0,42.0,32.84,27.88,16.74,1.67
2023-07-11,2023,4439.26,14.84,66,4252.8,4255.0,41.8,32.78,27.51,16.48,1.64
2023-07-12,2023,4472.16,13.54,65,4304.0,4305.0,36.57,29.64,23.37,14.81,1.27
2023-07-13,2023,4510.04,13.61,64,4340.5,4340.0,35.8,29.51,21.33,14.77,1.16
2023-07-14,2023,4505.42,13.34,77,4327.2,4325.0,43.0,31.12,38.19,15.32,1.98
2023-07-17,2023,4522.79,13.48,74,4345.0,4345.0,42.87,31.57,35.81,15.38,1.9
2023-07-18,2023,4554.98,13.3,73,4379.3,4380.0,41.2,31.23,31.91,14.98,1.68
2023-07-19,2023,4565.72,13.76,72,4382.9,4385.0,40.34,32.37,24.64,15.12,1.36
2023-07-20,2023,4534.87,13.99,71,4351.1,4350.0,42.13,31.85,32.27,15.77,1.78
2023-07-21,2023,4536.34,13.6,70,4359.1,4360.0,37.63,31.11,20.97,14.74,1.14
2023-07-24,2023,4554.64,13.91,67,4375.6,4375.0,39.35,31.07,26.65,15.38,1.47
2023-07-25,2023,4567.46,13.86,66,4389.0,4395.0,39.8,32.1,23.98,15.21,1.35
2023-07-26,2023,4566.75,13.19,65,4399.5,4400.0,39.9,29.23,36.52,15.09,1.9
2023-07-27,2023,4537.41,14.41,64,4355.7,4355.0,31.57,31.5,0.21,14.42,0.01
2023-08-03,2023,4501.89,15.92,78,4284.3,4285.0,46.33,38.54,20.2,17.22,1.3
2023-08-04,2023,4478.03,17.1,77,4244.1,4245.0,47.79,40.86,16.97,18.28,1.18
2023-08-07,2023,4518.44,15.77,74,4306.6,4305.0,48.99,36.81,33.1,17.84,2.07
2023-08-08,2023,4499.38,15.99,73,4286.3,4285.0,57.1,37.0,54.34,19.37,3.38
2023-08-09,2023,4467.71,15.96,72,4256.1,4255.0,42.38,36.11,17.37,17.07,1.11
2023-08-10,2023,4468.83,15.85,71,4261.5,4260.0,46.24,35.86,28.93,17.67,1.82
2023-08-11,2023,4464.05,14.84,70,4272.2,4270.0,53.3,32.96,61.69,18.35,3.51
2023-08-14,2023,4489.72,14.82,67,4300.1,4300.0,44.14,32.8,34.58,16.84,2.02
2023-08-15,2023,4437.86,16.46,66,4227.7,4230.0,43.14,36.19,19.21,17.74,1.28
2023-08-16,2023,4404.33,16.78,76,4180.7,4175.0,48.56,37.85,28.29,18.65,1.87
2023-08-17,2023,4370.36,17.89,75,4133.5,4130.0,49.06,40.37,21.53,19.43,1.54
2023-08-18,2023,4369.71,17.3,74,4143.5,4140.0,57.43,38.91,47.6,20.51,3.21
2023-08-21,2023,4399.77,17.13,71,4176.3,4180.0,45.5,39.17,16.17,18.26,1.13
2023-08-22,2023,4387.55,16.97,70,4169.0,4170.0,42.26,38.0,11.2,17.75,0.78
2023-08-23,2023,4436.01,15.98,69,4230.2,4230.0,52.27,35.58,46.91,18.92,2.94
2023-08-24,2023,4376.31,17.2,68,4158.3,4150.0,45.09,36.02,25.2,18.9,1.7
2023-08-25,2023,4405.71,15.68,67,4207.8,4205.0,42.36,33.58,26.16,17.3,1.62
2023-08-28,2023,4433.31,15.08,64,4245.0,4245.0,42.42,32.08,32.22,17.0,1.92
2023-08-31,2023,4507.66,13.57,78,4325.0,4325.0,43.5,32.39,34.3,15.4,1.83
2023-09-01,2023,4515.77,13.09,77,4341.6,4340.0,42.9,30.82,39.18,15.09,2.0
2023-09-05,2023,4496.83,14.01,73,4312.4,4310.0,41.5,31.8,30.51,15.69,1.68
2023-09-06,2023,4465.48,14.45,72,4278.0,4280.0,44.81,33.61,33.34,16.38,1.93
2023-09-07,2023,4451.14,14.4,71,4264.2,4265.0,43.3,32.5,33.22,16.29,1.89
2023-09-08,2023,4457.49,13.84,70,4281.2,4280.0,39.9,30.97,28.84,15.42,1.58
2023-09-11,2023,4487.46,13.8,67,4312.2,4310.0,42.67,29.92,42.6,16.08,2.28
2023-09-12,2023,4461.9,14.23,66,4283.2,4285.0,38.85,31.5,23.34,15.57,1.34
2023-09-13,2023,4467.44,13.48,65,4299.5,4300.0,37.45,29.2,28.27,14.99,1.51
2023-09-14,2023,4505.1,12.82,77,4335.7,4335.0,45.92,30.32,51.47,15.37,2.55
2023-09-15,2023,4450.32,13.79,76,4268.9,4270.0,38.72,32.45,19.32,14.86,1.07
2023-09-18,2023,4453.53,14.0,73,4270.9,4270.0,40.4,31.76,27.21,15.51,1.51
2023-09-19,2023,4443.95,14.11,72,4261.7,4255.0,41.08,30.64,34.07,15.96,1.85
2023-09-20,2023,4402.2,15.14,71,4206.6,4205.0,38.15,33.33,14.47,16.02,0.88
2023-09-21,2023,4330.0,17.54,70,4105.9,4110.0,37.75,39.37,-4.12,17.24,-0.3
2023-09-22,2023,4320.06,17.2,69,4102.8,4100.0,41.24,36.81,12.03,18.04,0.84
2023-09-25,2023,4337.44,16.9,66,4127.8,4130.0,50.95,36.71,38.79,19.52,2.62
2023-09-26,2023,4273.53,18.94,65,4039.8,4045.0,42.75,40.62,5.23,19.35,0.41
2023-09-27,2023,4274.51,18.22,64,4053.3,4050.0,43.32,37.29,16.18,19.41,1.19
2023-09-28,2023,4299.7,17.34,78,4070.9,4070.0,50.44,39.75,26.89,19.21,1.87
2023-09-29,2023,4288.05,17.52,77,4057.7,4060.0,48.7,40.36,20.68,18.99,1.47
2023-10-02,2023,4288.39,17.61,74,4060.2,4060.0,49.7,39.21,26.77,19.5,1.89
2023-10-03,2023,4229.45,19.78,73,3977.5,3980.0,51.7,44.26,16.82,21.15,1.37
2023-10-04,2023,4263.75,18.58,72,4026.4,4025.0,50.54,40.47,24.88,20.43,1.85
2023-10-05,2023,4258.19,18.49,71,4023.2,4025.0,47.7,40.53,17.69,19.82,1.33
2023-10-06,2023,4308.5,17.45,70,4087.6,4090.0,45.87,38.79,18.26,18.75,1.3
2023-10-09,2023,4335.66,17.7,67,4113.4,4115.0,45.7,38.48,18.76,19.05,1.35
2023-10-10,2023,4358.24,17.03,66,4145.4,4145.0,43.4,36.5,18.89,18.33,1.3
2023-10-11,2023,4376.95,16.09,65,4176.1,4175.0,42.9,33.91,26.52,17.78,1.69
2023-10-12,2023,4349.61,16.69,64,4143.6,4145.0,43.2,35.37,22.13,18.18,1.49
2023-10-13,2023,4327.78,19.32,77,4070.0,4070.0,51.5,44.61,15.46,20.54,1.22
2023-10-16,2023,4373.63,17.21,74,4147.3,4145.0,49.08,38.73,26.72,19.04,1.83
2023-10-17,2023,4373.2,17.88,73,4138.3,4145.0,51.02,41.97,21.56,19.47,1.59
2023-10-18,2023,4314.6,19.22,72,4066.0,4065.0,44.72,42.6,4.96,19.61,0.39
2023-10-19,2023,4278.0,21.4,71,4004.4,4005.0,44.74,47.44,-5.69,20.89,-0.51
2023-10-20,2023,4224.16,21.71,70,3951.9,3950.0,50.6,46.73,8.28,22.45,0.74
2023-10-23,2023,4217.04,20.37,67,3965.8,3965.0,50.48,42.64,18.39,21.89,1.52
2023-10-24,2023,4247.68,18.97,66,4015.4,4020.0,54.63,41.04,33.12,21.52,2.55
2023-10-25,2023,4186.77,20.19,65,3943.5,3940.0,52.12,40.9,27.45,22.4,2.21
2023-10-26,2023,4137.23,20.68,64,3890.8,3890.0,53.36,41.38,28.96,23.08,2.4
2023-11-02,2023,4317.78,15.66,78,4113.3,4115.0,51.4,36.66,40.19,18.17,2.51
2023-11-03,2023,4358.34,14.91,77,4162.6,4165.0,47.3,34.82,35.84,17.04,2.13
2023-11-06,2023,4365.98,14.89,74,4174.1,4175.0,45.03,34.05,32.26,16.81,1.92
2023-11-07,2023,4378.38,14.81,73,4188.1,4190.0,44.5,33.94,31.1,16.66,1.85
2023-11-08,2023,4382.78,14.45,72,4198.7,4200.0,41.37,32.82,26.04,15.96,1.51
2023-11-09,2023,4347.35,15.29,71,4152.1,4150.0,41.55,33.15,25.33,16.82,1.53
2023-11-10,2023,4415.24,14.17,70,4234.1,4235.0,45.6,31.51,44.74,16.65,2.48
2023-11-13,2023,4411.55,14.76,67,4226.3,4225.0,37.7,31.88,18.25,15.84,1.08
2023-11-14,2023,4495.7,14.16,66,4315.7,4315.0,36.0,30.83,16.77,15.11,0.95
2023-11-15,2023,4502.88,14.18,65,4324.8,4325.0,33.74,31.19,8.16,14.65,0.47
2023-11-16,2023,4508.24,14.32,76,4316.7,4320.0,41.35,34.73,19.07,15.43,1.11
2023-11-17,2023,4514.02,13.8,75,4331.1,4330.0,40.02,32.32,23.82,15.11,1.31
2023-11-20,2023,4547.38,13.41,72,4372.0,4370.0,37.0,30.82,20.05,14.48,1.07
2023-11-21,2023,4538.19,13.35,71,4364.2,4365.0,39.96,30.83,29.6,14.92,1.57
2023-11-22,2023,4556.62,12.85,70,4389.8,4390.0,38.5,29.31,31.35,14.44,1.59
2023-11-24,2023,4559.34,12.46,68,4401.3,4400.0,36.54,27.96,30.7,13.97,1.51
2023-11-27,2023,4550.43,12.69,65,4390.5,4390.0,34.93,27.66,26.29,14.01,1.32
2023-11-28,2023,4554.89,12.69,64,4397.0,4395.0,32.52,27.42,18.58,13.63,0.94
2023-11-30,2023,4567.8,12.92,78,4393.8,4395.0,47.23,31.63,49.32,15.41,2.49
2023-12-01,2023,4594.63,12.63,77,4424.1,4425.0,41.5,30.62,35.52,14.4,1.77
2023-12-04,2023,4569.78,13.08,74,4395.7,4395.0,42.68,30.64,39.31,15.09,2.01
2023-12-05,2023,4567.18,12.85,73,4397.7,4400.0,41.3,30.52,35.32,14.65,1.8
2023-12-06,2023,4549.34,12.97,72,4380.5,4380.0,35.74,30.09,18.78,13.95,0.98
2023-12-07,2023,4585.59,13.06,71,4414.3,4415.0,41.2,30.46,35.26,14.88,1.82
2023-12-08,2023,4604.37,12.35,70,4444.7,4445.0,43.8,28.72,52.5,14.87,2.52
2023-12-11,2023,4622.44,12.63,67,4459.9,4460.0,36.55,28.7,27.35,14.0,1.37
2023-12-12,2023,4643.7,12.07,66,4489.5,4490.0,34.65,27.35,26.69,13.35,1.28
2023-12-13,2023,4707.09,12.19,65,4549.7,4550.0,33.13,27.72,19.51,13.14,0.95
2023-12-14,2023,4719.55,12.48,77,4546.7,4550.0,36.75,31.55,16.47,13.31,0.83
2023-12-15,2023,4719.19,12.28,76,4551.0,4550.0,41.0,30.04,36.46,14.03,1.75
2023-12-18,2023,4740.56,12.56,73,4569.3,4570.0,39.0,30.59,27.48,13.93,1.37
2023-12-19,2023,4768.37,12.53,72,4598.4,4600.0,41.8,30.88,35.34,14.29,1.76
2023-12-20,2023,4698.35,13.67,71,4512.5,4510.0,31.43,31.84,-1.28,13.6,-0.07
2023-12-21,2023,4746.75,13.65,70,4561.3,4560.0,50.75,32.36,56.83,16.64,2.99
2023-12-22,2023,4754.63,13.03,69,4579.3,4575.0,45.12,29.98,50.48,15.54,2.51
2023-12-26,2023,4774.75,12.99,65,4602.2,4600.0,38.02,29.35,29.55,14.49,1.5
2023-12-27,2023,4781.58,12.43,64,4619.3,4620.0,37.53,28.67,30.91,13.95,1.52
2023-12-28,2023,4783.35,12.47,78,4608.2,4610.0,43.23,31.97,35.23,14.21,1.74
2023-12-29,2023,4769.83,12.45,77,4597.5,4595.0,44.6,30.96,44.06,14.58,2.13
2024-01-02,2024,4742.83,13.2,73,4562.2,4560.0,43.02,31.79,35.31,15.02,1.82
2024-01-03,2024,4704.81,14.04,72,4511.8,4510.0,43.25,33.14,30.51,15.72,1.68
2024-01-04,2024,4688.68,14.13,71,4496.4,4495.0,42.1,33.19,26.83,15.63,1.5
2024-01-05,2024,4697.24,13.35,70,4518.3,4520.0,44.7,31.92,40.03,15.46,2.11
2024-01-08,2024,4763.54,13.08,67,4589.1,4590.0,43.6,30.83,41.4,15.21,2.13
2024-01-09,2024,4756.5,12.76,66,4588.1,4590.0,41.8,29.99,39.38,14.74,1.98
2024-01-10,2024,4783.45,12.69,65,4615.3,4615.0,35.7,29.12,22.61,13.83,1.14
2024-01-11,2024,4780.24,12.44,77,4607.5,4610.0,42.8,32.04,33.6,14.11,1.67
2024-01-12,2024,4783.83,12.7,76,4606.3,4610.0,43.08,32.53,32.43,14.35,1.65
2024-01-16,2024,4765.98,13.84,72,4575.2,4575.0,41.7,33.76,23.53,15.14,1.3
2024-01-17,2024,4739.21,14.79,71,4535.6,4535.0,44.4,35.58,24.77,16.25,1.46
2024-01-18,2024,4780.94,14.13,70,4587.2,4585.0,46.3,33.71,37.33,16.2,2.07
2024-01-19,2024,4839.81,13.3,69,4657.8,4660.0,45.2,32.76,37.98,15.31,2.01
2024-01-22,2024,4850.43,13.19,66,4672.8,4675.0,37.36,31.86,17.25,14.11,0.92
2024-01-23,2024,4864.6,12.55,65,4696.0,4700.0,37.2,30.25,22.99,13.71,1.16
2024-01-24,2024,4868.55,13.14,64,4692.6,4695.0,36.89,31.32,17.79,14.09,0.95
2024-02-01,2024,4906.19,13.88,78,4702.6,4705.0,48.3,36.71,31.57,15.63,1.75
2024-02-02,2024,4958.61,13.85,77,4755.2,4755.0,41.66,36.4,14.44,14.66,0.81
2024-02-05,2024,4942.81,13.67,74,4744.9,4745.0,38.8,34.93,11.09,14.28,0.61
2024-02-06,2024,4954.23,13.06,73,4768.0,4770.0,43.79,33.79,29.58,14.61,1.55
2024-02-07,2024,4995.06,12.83,72,4812.1,4810.0,39.52,32.35,22.15,13.96,1.13
2024-02-08,2024,4997.91,12.79,71,4814.9,4815.0,38.35,32.18,19.17,13.77,0.98
2024-02-09,2024,5026.61,12.93,70,4842.5,4845.0,37.0,33.3,11.1,13.52,0.59
2024-02-12,2024,5021.84,13.93,67,4823.2,4825.0,37.98,34.64,9.63,14.48,0.55
2024-02-13,2024,4953.17,15.85,66,4728.2,4730.0,43.16,38.72,11.47,16.59,0.74
2024-02-14,2024,5000.62,14.38,76,4785.7,4790.0,48.95,38.51,27.12,15.95,1.57
2024-02-15,2024,5029.73,14.01,75,4821.0,4820.0,41.29,36.34,13.61,14.78,0.77
2024-02-16,2024,5005.57,14.24,74,4795.4,4800.0,41.7,37.84,10.2,14.84,0.6
2024-02-20,2024,4975.51,15.42,70,4752.0,4750.0,38.99,38.27,1.87,15.54,0.12
2024-02-21,2024,4981.8,15.34,69,4760.4,4770.0,45.9,40.37,13.7,16.22,0.88
2024-02-22,2024,5087.03,14.54,68,4875.9,4875.0,35.36,36.62,-3.44,14.33,-0.21
2024-02-23,2024,5088.8,13.75,67,4891.3,4900.0,35.67,36.34,-1.84,13.64,-0.11
2024-02-26,2024,5069.53,13.74,64,4876.5,4875.0,32.05,33.21,-3.5,13.54,-0.2
2024-02-29,2024,5096.27,13.4,78,4893.5,4895.0,40.07,36.63,9.39,13.91,0.51
2024-03-01,2024,5137.08,13.11,77,4938.9,4940.0,40.43,35.81,12.89,13.8,0.69
2024-03-04,2024,5130.95,13.49,74,4928.0,4930.0,37.7,36.04,4.62,13.74,0.25
2024-03-05,2024,5078.65,14.46,73,4862.9,4865.0,42.55,38.2,11.39,15.13,0.67
2024-03-06,2024,5104.76,14.5,72,4887.9,4890.0,42.0,38.14,10.12,15.1,0.6
2024-03-07,2024,5157.36,14.44,71,4940.8,4940.0,40.25,37.55,7.19,14.86,0.42
2024-03-08,2024,5123.69,14.74,70,4906.0,4910.0,41.8,39.17,6.7,15.15,0.41
2024-03-11,2024,5117.94,15.22,67,4895.5,4895.0,41.85,38.4,8.99,15.78,0.56
2024-03-12,2024,5175.27,13.84,66,4973.1,4975.0,37.1,35.19,5.44,14.15,0.31
2024-03-13,2024,5165.31,13.75,65,4966.1,4965.0,36.0,33.96,5.99,14.08,0.33
2024-03-14,2024,5150.48,14.4,64,4944.3,4945.0,37.0,36.04,2.66,14.56,0.16
2024-03-15,2024,5117.09,14.41,77,4897.2,4900.0,44.7,39.75,12.46,15.14,0.73
2024-03-18,2024,5149.42,14.33,74,4933.2,4925.0,39.27,36.73,6.93,14.73,0.4
2024-03-19,2024,5178.51,13.82,73,4969.9,4970.0,44.3,36.82,20.33,14.95,1.13
2024-03-20,2024,5224.62,13.04,72,5028.2,5030.0,52.33,34.98,49.61,15.56,2.52
2024-03-21,2024,5241.53,12.92,71,5048.3,5050.0,39.69,34.66,14.53,13.68,0.76
2024-03-22,2024,5234.18,13.06,70,5039.9,5040.0,37.5,34.42,8.95,13.53,0.47
2024-03-25,2024,5218.19,13.19,67,5024.5,5025.0,36.94,33.8,9.28,13.69,0.5
2024-03-26,2024,5203.58,13.24,66,5010.5,5010.0,33.41,33.34,0.22,13.25,0.01
2024-03-27,2024,5248.49,12.78,65,5064.0,5065.0,41.7,32.79,27.16,14.16,1.38
2024-03-28,2024,5254.35,13.01,64,5067.1,5070.0,36.0,33.63,7.04,13.39,0.38
2024-04-04,2024,5147.21,16.35,78,4890.9,4890.0,28.9,44.91,-35.65,13.8,-2.55
2024-04-05,2024,5204.34,16.03,77,4952.8,4955.0,48.4,45.05,7.44,16.52,0.49
2024-04-08,2024,5202.39,15.19,74,4968.7,4970.0,45.8,41.49,10.39,15.84,0.65
2024-04-09,2024,5209.91,14.98,73,4981.0,4980.0,44.8,40.25,11.31,15.67,0.69
2024-04-10,2024,5160.64,15.8,72,4921.3,4920.0,48.53,41.78,16.15,16.83,1.03
2024-04-11,2024,5199.06,14.91,71,4973.1,4975.0,46.93,39.8,17.91,15.99,1.08
2024-04-12,2024,5123.41,17.31,70,4863.2,4865.0,48.4,45.55,6.25,17.76,0.45
2024-04-15,2024,5061.82,19.23,74,4767.7,4770.0,48.66,51.68,-5.85,18.76,-0.47
2024-04-16,2024,5051.41,18.4,73,4772.7,4775.0,47.91,48.92,-2.06,18.24,-0.16
2024-04-17,2024,5022.21,18.21,72,4750.0,4750.0,46.04,47.35,-2.78,18.0,-0.21
2024-04-18,2024,5011.12,18.0,71,4744.4,4745.0,51.51,46.5,10.76,18.8,0.8
2024-04-19,2024,4967.23,18.71,70,4693.2,4695.0,50.91,47.9,6.28,19.2,0.49
2024-04-22,2024,5010.6,16.94,67,4765.9,4770.0,52.26,43.07,21.33,18.41,1.47
2024-04-23,2024,5070.55,15.69,66,4842.8,4850.0,43.6,40.41,7.9,16.21,0.52
2024-04-24,2024,5071.63,15.97,65,4841.3,4850.0,46.4,41.29,12.37,16.79,0.82
2024-04-25,2024,5048.42,15.37,64,4829.0,4830.0,57.19,37.39,52.96,18.53,3.16
2024-05-01,2024,5018.39,15.39,65,4800.3,4850.0,53.6,49.66,7.94,15.97,0.58
2024-05-02,2024,5064.2,14.68,64,4856.5,4850.0,41.0,34.49,18.87,15.77,1.09
2024-05-03,2024,5127.79,13.49,77,4922.5,4920.0,43.57,35.87,21.45,14.64,1.15
2024-05-06,2024,5180.74,13.49,74,4975.8,4975.0,47.22,35.78,31.99,15.19,1.7
2024-05-07,2024,5187.7,13.23,73,4988.9,4990.0,40.71,35.46,14.81,14.02,0.79
2024-05-08,2024,5187.67,13.0,72,4993.9,5000.0,42.08,35.69,17.91,13.95,0.95
2024-05-09,2024,5214.08,12.69,71,5025.7,5025.0,40.0,33.3,20.11,13.71,1.02
2024-05-10,2024,5222.68,12.55,70,5036.5,5035.0,41.34,32.38,27.65,13.91,1.36
2024-05-13,2024,5221.42,13.6,67,5021.3,5020.0,36.8,34.65,6.2,13.94,0.34
2024-05-14,2024,5246.68,13.42,66,5049.4,5050.0,35.9,34.41,4.32,13.66,0.24
2024-05-15,2024,5308.15,12.45,65,5126.7,5125.0,33.0,31.61,4.39,12.67,0.22
2024-05-16,2024,5297.1,12.42,76,5105.7,5100.0,38.93,33.15,17.44,13.27,0.85
2024-05-17,2024,5303.27,11.99,75,5120.7,5135.0,41.79,36.17,15.52,12.78,0.79
2024-05-20,2024,5308.13,12.15,72,5125.4,5125.0,37.45,32.79,14.22,12.84,0.69
2024-05-21,2024,5321.41,11.86,71,5144.7,5135.0,35.57,29.98,18.63,12.71,0.85
2024-05-22,2024,5307.01,12.29,70,5123.0,5125.0,34.85,33.07,5.37,12.56,0.27
2024-05-23,2024,5267.84,12.77,69,5077.5,5075.0,29.82,32.87,-9.29,12.28,-0.49
2024-05-24,2024,5304.72,11.93,68,5128.6,5130.0,38.45,31.41,22.43,13.0,1.07
2024-05-28,2024,5306.04,12.92,64,5116.9,5110.0,38.53,31.31,23.04,14.07,1.15
2024-05-30,2024,5235.48,14.47,78,5008.0,5000.0,42.95,38.69,11.02,15.1,0.63
2024-05-31,2024,5277.51,12.92,77,5076.5,5075.0,51.7,35.5,45.65,15.2,2.28
2024-06-03,2024,5283.4,13.11,74,5082.2,5080.0,43.5,35.34,23.1,14.31,1.2
2024-06-04,2024,5291.34,13.16,73,5089.8,5080.0,43.45,33.67,29.06,14.63,1.47
2024-06-05,2024,5354.03,12.63,72,5160.6,5160.0,40.0,34.28,16.7,13.47,0.84
2024-06-06,2024,5352.96,12.58,71,5162.2,5160.0,42.23,33.71,25.27,13.84,1.26
2024-06-07,2024,5346.99,12.22,70,5162.9,5165.0,37.26,33.16,12.36,12.83,0.61
2024-06-10,2024,5360.79,12.74,67,5169.7,5170.0,38.24,33.48,14.23,13.47,0.73
2024-06-11,2024,5375.32,12.85,66,5183.7,5185.0,46.5,34.01,36.74,14.71,1.86
2024-06-12,2024,5421.03,12.04,65,5242.4,5240.0,33.9,30.95,9.55,12.5,0.46
2024-06-13,2024,5433.74,11.94,64,5257.3,5260.0,36.9,31.56,16.91,12.75,0.81
2024-06-14,2024,5431.6,12.66,77,5230.0,5225.0,44.76,35.12,27.44,14.01,1.35
2024-06-17,2024,5473.23,12.75,74,5271.5,5270.0,46.55,35.73,30.29,14.27,1.52
2024-06-18,2024,5487.03,12.3,73,5294.1,5295.0,44.3,34.78,27.39,13.64,1.34
2024-06-20,2024,5473.17,13.28,71,5264.7,5260.0,41.5,35.8,15.92,14.12,0.84
2024-06-21,2024,5464.62,13.2,70,5259.2,5260.0,43.26,36.47,18.62,14.19,0.99
2024-06-24,2024,5447.87,13.33,67,5243.0,5250.0,41.27,37.04,11.41,13.96,0.63
2024-06-25,2024,5469.3,12.84,66,5274.3,5275.0,41.34,34.4,20.19,13.88,1.04
2024-06-26,2024,5477.9,12.55,65,5288.0,5290.0,42.35,33.51,26.39,13.87,1.32
2024-06-27,2024,5482.87,12.24,64,5300.8,5300.0,41.29,32.16,28.37,13.61,1.37
2024-07-05,2024,5567.19,12.48,77,5363.3,5365.0,48.2,36.75,31.16,14.02,1.54
2024-07-08,2024,5572.85,12.37,74,5374.2,5375.0,44.42,35.65,24.59,13.58,1.21
2024-07-09,2024,5576.98,12.51,73,5376.8,5375.0,43.2,35.36,22.18,13.61,1.1
2024-07-10,2024,5633.91,12.85,72,5426.2,5425.0,43.77,36.59,19.61,13.85,1.0
2024-07-11,2024,5584.54,12.92,71,5378.7,5380.0,43.85,36.82,19.09,13.91,0.99
2024-07-12,2024,5615.35,12.46,70,5417.9,5420.0,41.85,35.58,17.64,13.35,0.89
2024-07-15,2024,5631.22,13.12,67,5425.0,5425.0,41.48,36.49,13.67,13.84,0.72
2024-07-16,2024,5667.2,13.19,66,5459.7,5460.0,43.23,36.75,17.65,14.13,0.94
2024-07-17,2024,5588.27,14.48,75,5348.1,5350.0,44.82,42.57,5.28,14.79,0.31
2024-07-18,2024,5544.59,15.93,74,5282.0,5280.0,35.17,45.7,-23.04,14.37,-1.56
2024-07-19,2024,5505.0,16.52,73,5233.5,5240.0,47.5,48.34,-1.74,16.4,-0.12
2024-07-22,2024,5564.41,14.91,70,5324.0,5325.0,48.18,42.1,14.44,15.78,0.87
2024-07-23,2024,5555.74,14.72,69,5319.7,5300.0,39.5,36.72,7.57,15.15,0.43
2024-07-24,2024,5427.13,18.04,68,5140.9,5140.0,50.02,48.71,2.69,18.24,0.2
2024-07-25,2024,5399.22,18.46,67,5109.2,5100.0,38.5,47.48,-18.92,17.0,-1.46
2024-07-26,2024,5459.1,16.39,66,5203.2,5205.0,47.8,44.41,7.63,16.9,0.51
2024-08-01,2024,5446.68,18.59,78,5135.5,5140.0,57.6,55.69,3.42,18.86,0.27
2024-08-02,2024,5346.56,23.39,77,4960.2,4960.0,77.3,67.67,14.23,24.77,1.38
2024-08-05,2024,5186.33,38.57,74,4588.7,4590.0,71.6,109.28,-34.48,32.49,-6.08
2024-08-06,2024,5240.03,27.71,73,4799.9,4800.0,67.5,76.89,-12.21,26.25,-1.46
2024-08-07,2024,5199.5,27.85,72,4762.8,4760.0,48.41,75.43,-35.82,23.4,-4.45
2024-08-08,2024,5319.31,23.79,71,4940.1,4940.0,68.9,65.64,4.97,24.28,0.49
2024-08-09,2024,5344.16,20.37,70,5020.6,5020.0,63.3,55.44,14.17,21.55,1.18
2024-08-12,2024,5344.39,20.71,67,5020.8,5020.0,53.72,55.1,-2.51,20.49,-0.22
2024-08-13,2024,5434.43,18.12,66,5150.5,5150.0,53.79,48.5,10.91,18.93,0.81
2024-08-14,2024,5455.21,16.19,65,5204.8,5205.0,48.9,43.23,13.12,17.05,0.86
2024-08-15,2024,5543.22,15.23,77,5288.8,5300.0,54.18,47.2,14.78,16.17,0.94
2024-08-16,2024,5554.25,14.8,76,5308.8,5300.0,52.95,41.37,28.01,16.41,1.61
2024-08-19,2024,5608.25,14.65,73,5367.3,5375.0,55.93,44.12,26.76,16.25,1.6
2024-08-20,2024,5597.12,15.88,72,5334.8,5340.0,50.51,46.73,8.09,16.41,0.53
2024-08-21,2024,5620.85,16.27,71,5351.9,5350.0,53.0,46.24,14.63,17.23,0.96
2024-08-22,2024,5570.64,17.55,70,5282.3,5290.0,46.9,51.26,-8.51,16.91,-0.64
2024-08-23,2024,5634.61,15.86,69,5376.0,5375.0,53.0,44.82,18.25,17.03,1.17
2024-08-26,2024,5616.84,16.15,71,5350.8,5300.0,45.43,36.21,25.46,17.6,1.45
2024-08-27,2024,5625.8,15.43,71,5371.7,5400.0,61.3,50.63,21.07,16.84,1.41
2024-08-28,2024,5592.18,17.11,70,5310.9,5300.0,55.23,46.16,19.64,18.43,1.32
2024-08-29,2024,5591.96,15.65,69,5338.0,5350.0,53.14,46.52,14.22,16.58,0.93
2024-08-30,2024,5648.4,15.0,68,5405.7,5400.0,58.62,41.0,42.98,17.49,2.49
2024-09-03,2024,5528.93,20.72,73,5183.4,5185.0,66.0,60.36,9.34,21.52,0.8
2024-09-04,2024,5520.07,21.32,72,5164.3,5165.0,65.84,60.91,8.1,22.03,0.71
2024-09-05,2024,5503.41,19.9,71,5175.6,5175.0,72.51,55.95,29.6,22.26,2.36
2024-09-06,2024,5408.42,22.38,70,5049.3,5050.0,65.42,62.6,4.5,22.8,0.42
2024-09-09,2024,5471.05,19.45,67,5161.2,5165.0,63.3,53.95,17.33,20.83,1.38
2024-09-10,2024,5495.52,19.08,66,5192.3,5195.0,61.6,52.48,17.38,20.44,1.36
2024-09-11,2024,5554.13,17.69,65,5272.1,5270.0,74.1,47.42,56.25,21.54,3.85
2024-09-12,2024,5595.76,17.07,64,5325.3,5325.0,60.04,46.35,29.53,19.08,2.01
2024-09-13,2024,5626.02,16.56,77,5343.1,5345.0,68.5,50.01,36.97,19.0,2.44
2024-09-16,2024,5633.09,17.14,74,5344.3,5345.0,67.6,50.79,33.1,19.41,2.27
2024-09-17,2024,5634.58,17.61,73,5337.4,5345.0,61.0,53.15,14.77,18.69,1.08
2024-09-18,2024,5618.26,18.23,72,5311.0,5300.0,56.06,50.12,11.84,19.09,0.86
2024-09-19,2024,5713.64,16.33,71,5440.2,5445.0,60.6,48.9,23.94,17.92,1.59
2024-09-20,2024,5702.55,16.15,70,5432.5,5425.0,59.49,44.83,32.71,18.2,2.05
2024-09-23,2024,5718.57,15.89,67,5457.5,5450.0,56.69,43.29,30.96,17.81,1.92
2024-09-24,2024,5732.93,15.39,66,5481.0,5480.0,66.2,42.84,54.52,18.63,3.24
2024-09-25,2024,5722.26,15.41,65,5473.6,5475.0,59.43,43.38,37.01,17.68,2.27
2024-09-26,2024,5745.37,15.37,64,5495.7,5500.0,59.19,43.25,36.86,17.62,2.25
2024-10-03,2024,5699.94,20.49,78,5338.1,5340.0,73.6,63.56,15.79,21.82,1.33
2024-10-04,2024,5751.07,19.21,77,5411.3,5410.0,72.8,58.79,23.82,21.06,1.85
2024-10-07,2024,5695.94,22.64,74,5303.8,5300.0,67.35,67.41,-0.1,22.63,-0.01
2024-10-08,2024,5751.13,21.42,73,5377.6,5380.0,67.6,64.81,4.3,21.8,0.38
2024-10-09,2024,5792.04,20.86,72,5430.0,5425.0,63.3,61.85,2.35,21.06,0.2
2024-10-10,2024,5780.05,20.93,71,5418.8,5425.0,64.11,63.86,0.39,20.96,0.03
2024-10-11,2024,5815.03,20.46,70,5462.9,5465.0,60.9,61.58,-1.1,20.37,-0.09
2024-10-14,2024,5859.85,19.7,67,5522.2,5520.0,58.72,56.86,3.28,19.97,0.27
2024-10-15,2024,5815.26,20.64,66,5466.0,5465.0,53.3,59.15,-9.89,19.78,-0.86
2024-10-16,2024,5842.47,19.58,76,5491.6,5500.0,65.5,62.62,4.6,19.96,0.38
2024-10-17,2024,5841.47,19.11,75,5502.0,5500.0,56.55,58.5,-3.34,18.84,-0.27
2024-10-18,2024,5864.67,18.03,74,5546.8,5550.0,55.85,56.21,-0.64,17.98,-0.05
2024-10-21,2024,5853.98,18.37,71,5533.8,5535.0,57.02,55.21,3.28,18.62,0.25
2024-10-22,2024,5851.2,18.2,70,5536.9,5550.0,57.4,57.13,0.46,18.24,0.04
2024-10-23,2024,5797.42,19.24,69,5469.1,5470.0,60.7,56.69,7.07,19.8,0.56
2024-10-24,2024,5809.86,19.08,68,5486.5,5475.0,56.75,53.39,6.3,19.56,0.48
2024-10-25,2024,5808.12,20.33,67,5462.1,5460.0,49.17,58.23,-15.56,18.99,-1.34
2024-10-28,2024,5823.52,19.8,64,5493.7,5495.0,53.9,56.57,-4.73,19.41,-0.39
2024-10-29,2024,5832.92,19.34,73,5494.0,5475.0,54.68,54.82,-0.25,19.32,-0.02
2024-10-30,2024,5813.67,20.35,72,5458.8,5820.0,132.28,186.96,-29.25,14.99,-5.36
2024-10-31,2024,5705.45,23.16,71,5309.9,5250.0,53.9,55.84,-3.47,22.85,-0.31
2024-11-01,2024,5728.8,21.88,70,5354.0,5550.0,92.4,120.05,-23.03,18.75,-3.13
2024-11-04,2024,5712.69,21.98,74,5330.5,5325.0,61.5,65.01,-5.4,21.49,-0.49
2024-11-05,2024,5782.76,20.49,73,5424.2,5425.0,57.79,61.91,-6.65,19.92,-0.57
2024-11-06,2024,5929.04,16.27,72,5642.4,5640.0,58.34,48.73,19.73,17.55,1.28
2024-11-07,2024,5973.1,15.2,71,5707.7,5710.0,52.9,46.63,13.44,16.03,0.83
2024-11-08,2024,5995.54,14.94,70,5735.0,5735.0,50.2,45.02,11.5,15.64,0.7
2024-11-11,2024,6001.35,14.97,67,5744.9,5740.0,46.53,43.25,7.58,15.43,0.46
2024-11-12,2024,5983.99,14.71,66,5735.6,5735.0,46.6,43.13,8.06,15.19,0.48
2024-11-13,2024,5985.38,14.02,65,5751.6,5750.0,45.6,40.56,12.42,14.72,0.7
2024-11-14,2024,5949.17,14.31,64,5711.0,5710.0,44.7,40.61,10.08,14.89,0.58
2024-11-15,2024,5870.62,16.14,77,5584.0,5580.0,59.9,49.59,20.78,17.48,1.34
2024-11-18,2024,5893.62,15.58,74,5620.2,5620.0,59.92,47.64,25.78,17.18,1.6
2024-11-19,2024,5916.98,16.35,73,5628.1,5650.0,55.8,54.75,1.91,16.49,0.14
2024-11-20,2024,5917.11,17.16,72,5616.6,5620.0,59.11,53.28,10.94,17.93,0.77
2024-11-21,2024,5948.71,16.87,71,5652.4,5650.0,52.43,50.7,3.42,17.11,0.24
2024-11-22,2024,5969.34,15.24,70,5704.1,5700.0,53.35,44.87,18.89,16.38,1.14
2024-11-25,2024,5987.37,14.6,67,5738.9,5745.0,51.3,44.48,15.34,15.52,0.92
2024-11-26,2024,6021.63,14.1,66,5783.5,5780.0,46.83,40.95,14.35,14.91,0.81
2024-11-27,2024,5998.74,14.1,65,5761.5,5760.0,45.76,40.61,12.68,14.82,0.72
2024-12-05,2024,6075.11,13.54,78,5830.4,5830.0,51.8,43.65,18.68,14.55,1.01
2024-12-06,2024,6090.27,12.77,77,5861.3,5860.0,54.09,40.53,33.47,14.45,1.68
2024-12-09,2024,6052.85,14.19,74,5801.6,5800.0,53.26,44.44,19.84,15.32,1.13
2024-12-10,2024,6034.91,14.18,73,5784.4,5785.0,49.5,44.13,12.17,14.88,0.7
2024-12-11,2024,6084.19,13.58,72,5845.0,5850.0,52.75,43.21,22.09,14.8,1.22
2024-12-12,2024,6051.25,13.92,71,5809.0,5810.0,52.15,43.15,20.85,15.09,1.17
2024-12-13,2024,6051.09,13.81,70,5811.8,5810.0,49.8,41.79,19.18,14.87,1.06
2024-12-16,2024,6074.08,14.69,74,5810.1,5800.0,54.08,44.06,22.75,15.99,1.3
2024-12-17,2024,6050.61,15.87,73,5767.0,5775.0,55.98,51.64,8.39,16.43,0.56
2024-12-18,2024,5872.16,27.62,72,5384.7,5375.0,50.4,83.33,-39.52,22.75,-4.87
2024-12-19,2024,5867.08,24.09,71,5443.1,5445.0,57.52,73.72,-21.98,21.79,-2.3
2024-12-20,2024,5930.85,18.36,70,5609.4,5615.0,63.97,56.69,12.83,19.33,0.97
2024-12-23,2024,5974.07,16.78,67,5685.3,5700.0,57.45,53.08,8.22,17.36,0.58
2024-12-24,2024,6040.04,14.27,66,5796.7,5800.0,52.29,42.81,22.16,15.55,1.28
2024-12-26,2024,6037.59,14.73,64,5788.5,5775.0,57.1,39.97,42.87,17.11,2.38
2024-12-31,2024,5881.63,17.35,66,5588.7,5600.0,52.96,52.91,0.1,17.36,0.01
2025-01-02,2025,5868.55,17.93,64,5567.7,5600.0,58.03,58.28,-0.43,17.9,-0.03
2025-01-03,2025,5942.47,16.13,77,5652.3,5650.0,61.63,50.5,22.05,17.55,1.42
2025-01-06,2025,5975.38,16.04,74,5689.4,5690.0,55.05,50.03,10.04,16.7,0.66
2025-01-07,2025,5909.03,17.82,73,5594.5,5590.0,56.23,53.88,4.35,18.14,0.32
2025-01-08,2025,5918.25,17.7,72,5606.2,5605.0,65.5,53.71,21.94,19.26,1.56
2025-01-10,2025,5827.04,19.54,70,5488.5,5490.0,63.91,58.19,9.83,20.33,0.79
2025-01-13,2025,5836.22,19.19,67,5511.4,5510.0,59.62,55.78,6.88,19.73,0.54
2025-01-14,2025,5842.91,18.71,66,5526.2,5525.0,65.32,53.57,21.92,20.36,1.65
2025-01-15,2025,5949.91,16.12,75,5662.3,5665.0,56.84,50.91,11.64,16.89,0.77
2025-01-16,2025,5937.34,16.6,74,5641.6,5640.0,55.8,50.88,9.67,17.25,0.65
2025-01-17,2025,5996.66,15.97,73,5712.6,5710.0,55.29,48.96,12.94,16.8,0.83
2025-01-21,2025,6049.24,15.06,69,5786.4,5790.0,57.32,46.47,23.36,16.48,1.42
2025-01-22,2025,6086.37,15.1,68,5821.9,5810.0,49.01,43.07,13.79,15.92,0.82
2025-01-23,2025,6118.71,15.02,67,5855.8,5850.0,49.7,43.98,13.0,15.8,0.78
2025-01-24,2025,6101.24,14.85,66,5845.0,5850.0,52.8,45.57,15.87,15.81,0.96
2025-01-29,2025,6039.31,16.56,78,5732.6,5740.0,60.16,54.89,9.6,17.22,0.66
2025-01-30,2025,6071.17,15.84,77,5780.7,5780.0,57.73,51.0,13.2,16.69,0.85
2025-01-31,2025,6040.53,16.43,76,5739.7,5740.0,53.8,52.27,2.92,16.63,0.2
2025-02-03,2025,5994.57,18.62,73,5658.0,5660.0,73.0,58.24,25.33,20.53,1.91
2025-02-04,2025,6037.88,17.21,72,5728.3,5730.0,61.18,53.7,13.93,18.19,0.98
2025-02-05,2025,6061.48,15.77,71,5780.3,5780.0,56.4,48.43,16.45,16.82,1.05
2025-02-06,2025,6083.57,15.5,70,5810.3,5810.0,57.3,47.86,19.72,16.73,1.23
2025-02-07,2025,6025.99,16.54,69,5734.7,5730.0,41.93,48.92,-14.29,15.56,-0.98
2025-02-10,2025,6066.44,15.81,66,5793.9,5790.0,55.05,46.46,18.5,16.98,1.17
2025-02-11,2025,6068.5,16.02,65,5792.9,5795.0,52.9,47.92,10.38,16.7,0.68
2025-02-12,2025,6051.97,15.89,77,5762.4,5750.0,58.81,48.7,20.76,17.18,1.29
2025-02-13,2025,6115.07,15.1,76,5837.4,5830.0,56.82,46.75,21.53,16.38,1.28
2025-02-14,2025,6114.63,14.77,75,5845.9,5845.0,58.0,46.9,23.67,16.16,1.39
2025-02-18,2025,6129.58,15.35,71,5854.2,5855.0,55.1,47.99,14.81,16.27,0.92
2025-02-19,2025,6144.15,15.27,70,5871.1,5870.0,52.82,47.07,12.21,16.02,0.75
2025-02-20,2025,6117.52,15.66,69,5839.7,5850.0,54.41,50.33,8.1,16.19,0.53
2025-02-21,2025,6013.13,18.21,68,5693.1,5695.0,57.4,55.21,3.98,18.51,0.3
2025-02-24,2025,5983.25,18.98,65,5656.0,5655.0,58.02,55.31,4.9,19.36,0.38
2025-02-25,2025,5955.25,19.43,64,5623.8,5625.0,57.13,56.53,1.05,19.52,0.09
2025-02-27,2025,5861.57,21.13,78,5478.0,5475.0,63.72,66.51,-4.2,20.76,-0.37
2025-02-28,2025,5954.5,19.63,77,5594.0,5595.0,88.06,62.66,40.53,22.8,3.17
2025-03-03,2025,5849.72,22.78,74,5444.1,5450.0,70.0,71.85,-2.57,22.53,-0.25
2025-03-04,2025,5778.15,23.51,73,5366.2,5370.0,67.1,72.23,-7.11,22.8,-0.71
2025-03-05,2025,5842.63,21.93,72,5457.5,5460.0,66.9,67.37,-0.69,21.87,-0.06
2025-03-06,2025,5738.52,24.87,71,5309.8,5300.0,71.1,71.76,-0.92,24.78,-0.09
2025-03-07,2025,5770.2,23.37,70,5367.3,5370.0,75.1,69.75,7.67,24.12,0.75
2025-03-10,2025,5614.56,27.86,67,5156.7,5150.0,77.99,77.74,0.32,27.9,0.04
2025-03-11,2025,5572.07,26.92,66,5136.8,5125.0,75.34,72.94,3.28,27.28,0.36
2025-03-12,2025,5599.3,24.23,65,5205.6,5210.0,75.61,68.06,11.1,25.35,1.12
2025-03-13,2025,5521.52,24.66,64,5127.9,5130.0,69.8,67.08,4.06,25.08,0.42
2025-03-14,2025,5638.94,21.77,77,5259.0,5260.0,72.52,66.18,9.58,22.63,0.86
2025-03-17,2025,5675.12,20.51,74,5320.4,5325.0,64.95,61.97,4.81,20.92,0.41
2025-03-18,2025,5614.66,21.7,73,5247.3,5260.0,74.09,67.04,10.52,22.67,0.97
2025-03-19,2025,5675.29,19.9,72,5337.2,5340.0,74.31,59.29,25.34,21.95,2.05
2025-03-20,2025,5662.89,19.8,71,5328.3,5330.0,66.32,58.0,14.35,20.97,1.17
2025-03-21,2025,5667.56,19.28,70,5343.8,5340.0,76.8,54.85,40.01,22.32,3.04
2025-03-24,2025,5767.57,17.48,67,5474.7,5475.0,60.8,49.88,21.89,19.02,1.54
2025-03-25,2025,5776.65,17.15,66,5491.8,5500.0,62.3,50.55,23.25,18.79,1.64
2025-03-26,2025,5712.2,18.33,65,5411.0,5420.0,66.22,53.12,24.65,20.18,1.85
2025-03-27,2025,5693.31,18.69,64,5390.3,5390.0,59.4,51.85,14.55,19.8,1.11
2025-04-03,2025,5396.52,30.02,78,4895.9,4900.0,81.01,90.67,-10.65,28.63,-1.39
2025-04-04,2025,5074.08,45.31,77,4395.2,4400.0,100.52,132.33,-24.04,40.3,-5.01
2025-04-07,2025,5062.25,46.98,74,4370.1,4370.0,119.6,132.14,-9.49,44.99,-1.99
2025-04-08,2025,4982.77,52.33,73,4243.1,4250.0,128.27,147.95,-13.3,49.14,-3.19
2025-04-09,2025,5456.9,33.62,72,4908.0,4910.0,247.7,97.89,153.03,53.43,19.81
2025-04-10,2025,5268.05,40.72,71,4640.4,4640.0,108.31,114.57,-5.47,39.75,-0.97
2025-04-11,2025,5363.36,37.56,70,4776.7,4775.0,100.7,106.84,-5.75,36.62,-0.94
2025-04-14,2025,5405.97,30.89,67,4920.3,4920.0,109.23,85.39,27.92,34.45,3.56
2025-04-15,2025,5396.63,30.12,66,4925.0,4925.0,81.2,82.13,-1.13,29.98,-0.14
2025-04-16,2025,5275.7,32.64,75,4755.3,4755.0,69.0,94.15,-26.71,28.74,-3.9
2025-04-17,2025,5282.7,29.65,74,4808.1,4805.0,89.2,83.5,6.82,30.5,0.85
2025-04-21,2025,5158.2,33.82,70,4644.4,4645.0,92.7,91.97,0.79,33.93,0.11
2025-04-22,2025,5287.76,30.57,69,4812.7,4815.0,88.8,84.7,4.84,31.2,0.63
2025-04-23,2025,5375.86,28.45,68,4924.4,4925.0,79.0,78.03,1.24,28.6,0.15
2025-04-24,2025,5484.77,26.47,67,5059.0,5060.0,83.28,73.54,13.24,27.93,1.46
2025-04-25,2025,5525.21,24.84,66,5125.9,5125.0,78.55,68.56,14.56,26.33,1.49
2025-05-01,2025,5604.14,24.6,78,5177.3,5175.0,86.68,75.13,15.37,26.16,1.56
2025-05-02,2025,5686.67,22.68,77,5286.8,5290.0,86.8,70.09,23.83,24.89,2.21
2025-05-05,2025,5650.38,23.64,74,5242.1,5240.0,81.9,69.97,17.04,25.29,1.65
2025-05-06,2025,5606.91,24.76,73,5185.3,5190.0,85.5,74.09,15.4,26.35,1.59
2025-05-07,2025,5631.28,23.55,72,5229.8,5230.0,87.2,68.88,26.59,26.09,2.54
2025-05-08,2025,5663.94,22.48,71,5282.3,5275.0,76.44,64.15,19.16,24.22,1.74
2025-05-09,2025,5659.91,21.9,70,5289.6,5290.0,84.48,63.35,33.35,24.84,2.94
2025-05-12,2025,5844.19,18.39,67,5530.3,5530.0,77.78,53.01,46.72,21.76,3.37
2025-05-13,2025,5886.55,18.22,66,5576.1,5575.0,59.7,52.47,13.78,19.24,1.02
2025-05-14,2025,5892.58,18.62,65,5576.1,5575.0,65.26,53.23,22.6,20.31,1.69
2025-05-15,2025,5916.93,17.83,77,5593.3,5595.0,81.4,56.44,44.23,20.95,3.12
2025-05-16,2025,5958.38,17.24,76,5647.1,5650.0,76.6,55.1,39.01,19.93,2.69
2025-05-19,2025,5963.6,18.14,73,5637.5,5630.0,72.9,54.22,34.46,20.58,2.44
2025-05-20,2025,5940.46,18.09,72,5618.5,5620.0,73.54,55.46,32.59,20.45,2.36
2025-05-21,2025,5844.61,20.87,71,5479.3,5475.0,79.53,61.75,28.79,23.27,2.4
2025-05-22,2025,5842.01,20.28,70,5488.3,5500.0,72.69,62.76,15.82,21.62,1.34
2025-05-23,2025,5802.82,22.29,69,5420.3,5420.0,79.37,65.93,20.38,24.15,1.85
2025-05-27,2025,5921.54,18.96,65,5597.7,5600.0,70.2,55.34,26.86,21.01,2.05
2025-05-28,2025,5888.55,19.31,64,5563.6,5565.0,67.71,55.74,21.48,20.99,1.68
2025-05-29,2025,5912.17,19.18,78,5562.9,5565.0,80.7,61.78,30.63,21.56,2.38
2025-05-30,2025,5911.69,18.57,77,5574.0,5575.0,92.7,58.67,58.0,22.79,4.22
2025-06-02,2025,5935.94,18.36,74,5605.5,5610.0,80.87,57.71,40.13,21.31,2.95
2025-06-03,2025,5970.37,17.69,73,5655.5,5655.0,75.6,55.01,37.43,20.33,2.64
2025-06-04,2025,5970.81,17.61,72,5658.9,5660.0,74.58,54.68,36.4,20.17,2.56
2025-06-05,2025,5939.3,18.48,71,5614.5,5615.0,75.9,56.67,33.93,20.99,2.51
2025-06-06,2025,6000.36,16.77,70,5704.4,5705.0,70.95,50.97,39.19,19.37,2.6
2025-06-09,2025,6005.88,17.16,67,5706.8,5705.0,67.4,50.47,33.55,19.43,2.27
2025-06-10,2025,6038.81,16.95,66,5743.9,5745.0,67.6,50.37,34.21,19.25,2.3
2025-06-11,2025,6022.24,17.26,65,5725.2,5725.0,68.3,50.74,34.61,19.63,2.37
2025-06-12,2025,6045.26,18.02,64,5735.3,5735.0,67.9,52.91,28.32,20.06,2.04
2025-06-13,2025,5976.97,20.82,77,5591.7,5590.0,72.4,66.17,9.41,21.62,0.8
2025-06-16,2025,6033.11,19.11,74,5685.5,5680.0,78.4,59.51,31.75,21.52,2.41
2025-06-17,2025,5982.72,21.6,73,5591.3,5590.0,68.25,67.27,1.45,21.73,0.13
2025-06-18,2025,5980.87,20.14,72,5618.7,5615.0,77.0,61.46,25.28,22.18,2.04
2025-06-20,2025,5967.84,20.62,70,5600.7,5595.0,65.3,61.33,6.48,21.16,0.54
2025-06-23,2025,6025.17,19.83,67,5678.0,5680.0,75.6,60.35,25.26,21.87,2.04
2025-06-24,2025,6092.18,17.48,66,5785.8,5785.0,69.4,52.3,32.71,19.75,2.27
2025-06-25,2025,6092.16,16.76,65,5800.6,5800.0,68.22,49.6,37.55,19.24,2.48
2025-06-26,2025,6141.02,16.59,64,5853.2,5850.0,64.05,48.75,31.38,18.65,2.06
2025-07-03,2025,6279.35,16.38,78,5966.6,5965.0,75.0,54.91,36.6,18.76,2.38
2025-07-07,2025,6229.98,17.79,74,5895.4,5895.0,73.44,57.66,27.36,19.74,1.95
2025-07-08,2025,6225.52,16.81,73,5912.4,5915.0,74.52,54.54,36.64,19.26,2.45
2025-07-09,2025,6263.26,15.94,72,5969.7,5970.0,70.34,51.54,36.48,18.25,2.31
2025-07-10,2025,6280.46,15.78,71,5989.1,5990.0,72.1,50.52,42.72,18.43,2.65
2025-07-11,2025,6259.75,16.4,70,5960.2,5960.0,68.1,52.17,30.53,18.4,2.0
2025-07-14,2025,6268.56,17.2,67,5956.4,5955.0,66.9,53.08,26.04,18.99,1.79
2025-07-15,2025,6243.76,17.38,66,5932.8,5935.0,63.0,54.19,16.26,18.53,1.15
2025-07-16,2025,6263.7,17.16,76,5936.4,5935.0,74.97,56.29,33.19,19.42,2.26
2025-07-17,2025,6297.36,16.52,75,5983.7,5980.0,72.45,53.62,35.12,18.8,2.28
2025-07-18,2025,6296.79,16.41,74,5986.3,5980.0,72.77,52.15,39.53,18.93,2.52
2025-07-21,2025,6305.6,16.65,71,5994.6,5995.0,69.0,53.35,29.35,18.6,1.95
2025-07-22,2025,6309.62,16.5,70,6004.6,6005.0,77.6,52.82,46.92,19.54,3.04
2025-07-23,2025,6358.91,15.37,69,6076.4,6085.0,74.8,50.97,46.77,18.25,2.88
2025-07-24,2025,6363.35,15.39,68,6080.6,6085.0,63.13,49.5,27.53,17.09,1.7
2025-07-25,2025,6388.64,14.93,67,6117.2,6120.0,67.0,47.81,40.15,17.31,2.38
2025-07-28,2025,6389.77,15.03,64,6121.4,6125.0,63.08,47.31,33.32,17.04,2.01
2025-07-31,2025,6339.39,16.72,78,6014.4,6015.0,75.4,56.67,33.05,18.92,2.2
2025-08-01,2025,6238.01,20.38,77,5845.1,5850.0,78.9,69.11,14.16,21.57,1.19
2025-08-04,2025,6329.94,17.52,74,5996.1,5995.0,73.3,57.63,27.19,19.43,1.91
2025-08-05,2025,6299.19,17.85,73,5960.9,5965.0,73.6,58.98,24.78,19.64,1.79
2025-08-06,2025,6345.06,16.77,72,6029.0,6030.0,71.5,54.83,30.41,18.81,2.04
2025-08-07,2025,6340.0,16.57,71,6030.4,6030.0,73.1,53.51,36.6,18.97,2.4
2025-08-08,2025,6389.45,15.15,70,6108.7,6110.0,70.54,49.24,43.26,17.73,2.58
2025-08-11,2025,6373.45,16.25,67,6074.7,6075.0,67.8,51.16,32.52,18.35,2.1
2025-08-12,2025,6445.76,14.73,66,6176.7,6175.0,65.11,46.06,41.37,17.11,2.38
2025-08-13,2025,6466.58,14.49,65,6204.5,6205.0,61.4,45.85,33.93,16.44,1.95
2025-08-14,2025,6468.54,14.83,64,6200.1,6200.0,63.0,46.26,36.18,16.95,2.12
2025-08-15,2025,6449.8,15.09,77,6156.9,6150.0,74.08,50.06,47.99,17.88,2.79
2025-08-18,2025,6449.15,14.99,74,6162.6,6175.0,74.47,52.88,40.82,17.47,2.48
2025-08-19,2025,6411.37,15.57,73,6117.1,6120.0,72.7,52.43,38.65,17.97,2.4
2025-08-20,2025,6395.78,15.69,72,6099.1,6100.0,71.04,51.45,38.09,18.05,2.36
2025-08-21,2025,6370.17,16.6,71,6059.1,6050.0,71.4,52.12,36.99,18.99,2.39
2025-08-22,2025,6466.91,14.22,70,6201.7,6200.0,67.29,45.91,46.56,16.79,2.57
2025-08-25,2025,6439.32,14.79,67,6168.9,6175.0,61.55,48.51,26.87,16.4,1.61
2025-08-26,2025,6465.94,14.62,66,6197.6,6200.0,64.2,46.58,37.83,16.81,2.19
2025-08-27,2025,6481.4,14.85,65,6209.2,6210.0,62.65,46.71,34.11,16.85,2.0
2025-08-28,2025,6501.86,14.43,64,6239.9,6240.0,60.31,45.19,33.46,16.34,1.91
2025-09-04,2025,6502.08,15.3,78,6200.5,6200.0,74.62,52.9,41.07,17.77,2.47
2025-09-05,2025,6481.5,15.18,77,6184.0,6190.0,77.0,53.17,44.81,17.88,2.7
2025-09-08,2025,6495.15,15.11,74,6203.4,6205.0,71.3,51.14,39.43,17.46,2.35
2025-09-09,2025,6512.61,15.04,73,6223.2,6225.0,70.22,50.75,38.36,17.32,2.28
2025-09-10,2025,6532.04,15.35,72,6238.6,6240.0,69.84,51.97,34.39,17.46,2.11
2025-09-11,2025,6587.47,14.71,71,6304.4,6305.0,68.67,49.11,39.83,17.01,2.3
2025-09-12,2025,6584.29,14.76,70,6303.0,6305.0,66.6,49.48,34.61,16.79,2.03
2025-09-15,2025,6615.28,15.69,74,6305.2,6300.0,68.33,52.62,29.85,17.53,1.84
2025-09-16,2025,6606.76,16.36,73,6284.2,6300.0,71.37,59.22,20.52,17.76,1.4
2025-09-17,2025,6600.35,15.72,72,6294.2,6290.0,68.38,52.23,30.92,17.63,1.91
2025-09-18,2025,6631.96,15.7,71,6327.6,6330.0,71.0,53.73,32.13,17.72,2.02
2025-09-19,2025,6664.36,15.45,70,6365.0,6380.0,72.8,55.44,31.31,17.44,1.99
2025-09-22,2025,6693.75,16.1,67,6383.2,6390.0,68.83,54.66,25.93,17.79,1.69
2025-09-23,2025,6656.92,16.64,66,6338.4,6340.0,64.7,54.59,18.52,17.89,1.25
2025-09-24,2025,6637.97,16.18,65,6333.3,6320.0,70.9,49.63,42.86,18.83,2.65
2025-09-25,2025,6604.72,16.74,64,6291.9,6290.0,66.3,53.22,24.58,18.38,1.64
2025-10-01,2025,6711.2,16.29,65,6399.9,6375.0,62.45,47.99,30.13,18.13,1.84
2025-10-02,2025,6715.35,16.63,64,6397.3,6400.0,67.22,54.26,23.89,18.23,1.6
2025-10-03,2025,6715.79,16.65,77,6374.8,6375.0,78.4,59.3,32.21,18.78,2.13
2025-10-06,2025,6740.28,16.37,74,6411.2,6400.0,74.7,55.24,35.23,18.61,2.24
2025-10-07,2025,6714.59,17.24,73,6367.1,6365.0,70.5,59.21,19.07,18.56,1.32
2025-10-08,2025,6753.72,16.3,72,6427.2,6425.0,75.8,55.87,35.68,18.59,2.29
2025-10-09,2025,6735.11,16.43,71,6409.5,6410.0,77.3,56.61,36.56,18.81,2.38
2025-10-10,2025,6552.51,21.66,70,6130.2,6130.0,85.3,72.71,17.31,23.19,1.53
2025-10-13,2025,6654.72,19.03,67,6284.3,6285.0,84.5,62.83,34.5,21.64,2.61
2025-10-14,2025,6644.31,20.81,66,6242.0,6245.0,101.4,69.13,46.69,24.68,3.87
2025-10-15,2025,6671.06,20.64,65,6273.7,6275.0,77.5,68.06,13.86,21.81,1.17
2025-10-16,2025,6629.07,25.31,76,6111.2,6120.0,93.47,92.19,1.38,25.46,0.15
2025-10-17,2025,6664.01,20.78,75,6241.0,6250.0,90.83,75.41,20.45,22.54,1.76
2025-10-20,2025,6735.13,18.23,72,6366.8,6375.0,77.51,64.78,19.66,19.7,1.47
2025-10-21,2025,6735.35,17.87,71,6376.9,6385.0,73.95,63.06,17.28,19.14,1.27
2025-10-22,2025,6699.4,18.6,70,6329.8,6330.0,75.6,63.2,19.61,20.08,1.48
2025-10-23,2025,6738.44,17.3,69,6396.3,6400.0,73.1,59.29,23.29,18.93,1.63
2025-10-24,2025,6791.69,16.37,68,6470.0,6475.0,70.42,56.62,24.38,17.99,1.62
2025-10-27,2025,6875.16,15.79,65,6566.3,6560.0,68.17,51.29,32.92,17.82,2.03
2025-10-28,2025,6890.89,16.42,64,6571.2,6575.0,67.9,55.66,21.98,17.88,1.46
2025-10-30,2025,6822.34,16.91,78,6469.2,6465.0,76.9,60.86,26.36,18.68,1.77
2025-10-31,2025,6840.2,17.44,77,6476.1,6475.0,85.7,63.36,35.27,19.89,2.45
2025-11-03,2025,6851.97,17.17,74,6497.3,6495.0,84.71,60.6,39.79,19.86,2.69
2025-11-04,2025,6771.55,19.0,73,6384.7,6375.0,78.2,64.9,20.5,20.55,1.55
2025-11-05,2025,6796.29,18.01,72,6431.3,6425.0,78.2,61.76,26.63,19.91,1.9
2025-11-06,2025,6720.32,19.5,71,6329.8,6330.0,79.1,67.39,17.37,20.88,1.38
2025-11-07,2025,6728.8,19.08,70,6347.7,6350.0,90.82,65.72,38.2,21.99,2.91
2025-11-10,2025,6832.43,17.6,67,6485.5,6490.0,84.42,61.0,38.4,20.31,2.71
2025-11-11,2025,6846.61,17.28,66,6505.6,6510.0,70.6,59.04,19.59,18.66,1.38
2025-11-12,2025,6850.92,17.51,65,6506.4,6505.0,71.73,58.04,23.59,19.16,1.65
2025-11-13,2025,6737.49,20.0,64,6349.3,6350.0,79.7,65.38,21.9,21.77,1.77
2025-11-14,2025,6734.11,19.83,77,6323.1,6310.0,94.0,68.71,36.81,22.68,2.85
2025-11-17,2025,6672.41,22.38,74,6216.3,6220.0,75.5,79.38,-4.89,21.92,-0.46
2025-11-18,2025,6617.32,24.69,73,6119.7,6120.0,86.0,85.64,0.42,24.73,0.04
2025-11-19,2025,6642.16,23.66,72,6168.6,6165.0,90.3,81.28,11.1,24.74,1.08
2025-11-20,2025,6538.76,26.42,71,6021.5,6040.0,77.7,94.55,-17.82,24.33,-2.09
2025-11-21,2025,6602.99,23.43,70,6141.9,6140.0,96.4,79.16,21.78,25.51,2.08
2025-11-24,2025,6705.12,20.52,67,6302.4,6300.0,76.07,68.02,11.83,21.51,0.99
2025-11-25,2025,6765.88,18.56,66,6402.5,6400.0,71.59,61.33,16.73,19.81,1.25
2025-11-26,2025,6812.61,17.19,65,6476.6,6470.0,68.22,55.46,23.01,18.75,1.56
2025-12-04,2025,6857.12,15.78,78,6529.0,6535.0,85.6,59.28,44.39,18.58,2.8
2025-12-05,2025,6870.4,15.41,77,6551.7,6550.0,80.1,55.9,43.29,18.03,2.62
2025-12-08,2025,6846.51,16.66,74,6505.5,6505.0,79.9,59.49,34.32,18.93,2.27
2025-12-09,2025,6840.51,16.93,73,6493.1,6495.0,77.6,60.0,29.33,18.92,1.99
2025-12-10,2025,6886.68,15.77,72,6567.2,6565.0,80.97,55.38,46.2,18.62,2.85
2025-12-11,2025,6901.0,14.85,71,6601.1,6600.0,75.0,51.54,45.52,17.48,2.63
2025-12-12,2025,6827.41,15.74,70,6514.0,6515.0,71.6,54.55,31.26,17.7,1.96
2025-12-15,2025,6816.51,16.5,74,6480.3,6475.0,71.4,57.53,24.11,18.08,1.58
2025-12-16,2025,6800.26,16.48,73,6468.2,6470.0,83.4,58.72,42.02,19.23,2.75
2025-12-17,2025,6721.43,17.62,72,6367.0,6370.0,78.92,61.29,28.76,19.66,2.04
2025-12-18,2025,6774.76,16.87,71,6437.3,6460.0,75.31,63.48,18.64,18.2,1.33
2025-12-19,2025,6834.5,14.91,70,6539.2,6540.0,81.71,51.61,58.31,18.28,3.37
2025-12-22,2025,6878.49,14.08,67,6603.1,6605.0,68.7,47.85,43.56,16.48,2.4
2025-12-23,2025,6909.79,14.0,66,6636.5,6650.0,69.03,49.99,38.09,16.16,2.16
2025-12-24,2025,6932.05,13.47,65,6671.4,6660.0,65.97,42.65,54.67,16.22,2.75
2025-12-30,2025,6896.24,14.33,66,6616.8,6675.0,75.6,62.0,21.93,15.78,1.45
2025-12-31,2025,6845.5,14.95,65,6558.0,6550.0,64.79,48.25,34.29,16.94,1.99
2026-01-02,2026,6858.47,14.51,77,6560.4,6565.0,82.42,53.61,53.73,17.57,3.06
2026-01-05,2026,6902.05,14.9,74,6598.7,6600.0,76.9,53.88,42.72,17.41,2.51
2026-01-06,2026,6944.82,14.75,73,6643.0,6645.0,75.1,53.09,41.45,17.16,2.41
2026-01-07,2026,6920.93,15.38,72,6606.6,6605.0,74.7,53.91,38.57,17.71,2.33
2026-01-08,2026,6921.46,15.45,71,6607.2,6605.0,76.12,53.65,41.87,17.97,2.52
2026-01-09,2026,6966.28,14.49,70,6673.8,6675.0,72.55,50.95,42.39,16.9,2.41
2026-01-12,2026,6977.27,15.12,67,6675.8,6675.0,70.2,51.87,35.33,17.23,2.11
2026-01-13,2026,6963.74,15.98,66,6644.1,6645.0,68.4,54.43,25.68,17.62,1.64
2026-01-14,2026,6926.6,16.75,76,6574.9,6575.0,91.75,61.23,49.83,20.02,3.27
2026-01-15,2026,6944.47,15.84,75,6615.6,6600.0,77.91,54.41,43.18,18.45,2.61
2026-01-16,2026,6940.01,15.86,74,6611.3,6605.0,77.7,55.76,39.34,18.29,2.43
2026-01-20,2026,6796.86,20.09,70,6392.0,6390.0,85.7,69.4,23.49,22.0,1.91
2026-01-21,2026,6875.62,16.9,69,6536.5,6540.0,90.13,59.28,52.03,20.37,3.47
2026-01-22,2026,6913.35,15.64,68,6602.8,6600.0,72.29,53.49,35.15,17.81,2.17
2026-01-23,2026,6915.61,16.09,67,6594.8,6600.0,77.63,55.99,38.66,18.57,2.48
2026-01-26,2026,6950.23,16.15,64,6632.9,6625.0,68.42,52.52,30.29,18.06,1.91
2026-01-29,2026,6969.01,16.88,78,6608.3,6610.0,92.8,63.21,46.8,20.0,3.12
2026-01-30,2026,6939.03,17.44,77,6569.7,6570.0,80.9,64.59,25.25,19.21,1.77
2026-02-02,2026,6976.44,16.34,74,6635.8,6630.0,79.83,58.15,37.28,18.73,2.39
2026-02-03,2026,6917.81,18.0,73,6542.9,6545.0,97.3,64.79,50.18,21.56,3.56
2026-02-04,2026,6882.72,18.64,72,6499.6,6500.0,84.46,66.43,27.13,20.68,2.04
2026-02-05,2026,6798.4,21.77,71,6353.6,6350.0,84.6,75.21,12.48,22.88,1.11
2026-02-06,2026,6932.3,20.37,70,6512.6,6515.0,79.96,72.64,10.08,21.22,0.85
2026-02-09,2026,6964.82,17.36,67,6614.5,6615.0,77.9,60.0,29.84,19.43,2.07
2026-02-10,2026,6941.81,17.79,66,6585.9,6590.0,72.53,61.76,17.43,19.06,1.27
2026-02-11,2026,6941.47,17.65,72,6575.4,6550.0,79.2,57.46,37.84,20.17,2.52
2026-02-12,2026,6832.76,20.82,71,6405.7,6400.0,87.68,71.63,22.41,22.69,1.87
2026-02-13,2026,6836.17,20.6,70,6415.6,6400.0,72.3,68.11,6.16,21.11,0.51
2026-02-17,2026,6843.22,20.29,72,6425.5,6425.0,107.95,71.68,50.59,24.34,4.05
2026-02-18,2026,6881.31,19.62,71,6478.1,6475.0,79.3,68.55,15.68,20.87,1.25
2026-02-19,2026,6861.89,20.23,70,6449.8,6450.0,91.23,70.98,28.52,22.56,2.33
2026-02-20,2026,6909.51,19.09,69,6521.5,6500.0,84.26,62.14,35.6,21.7,2.61
2026-02-23,2026,6837.75,21.01,66,6420.4,6440.0,86.4,75.83,13.94,22.25,1.24
2026-02-24,2026,6890.07,19.55,65,6499.8,6500.0,83.4,65.66,27.02,21.67,2.12
2026-02-25,2026,6946.13,17.93,64,6590.0,6600.0,80.64,62.37,29.3,20.07,2.14
2026-02-26,2026,6908.86,18.63,78,6510.8,6510.0,90.2,68.8,31.11,20.95,2.32
2026-02-27,2026,6878.88,19.86,77,6459.0,6460.0,95.5,73.63,29.71,22.24,2.38
2026-03-02,2026,6881.62,21.44,74,6431.4,6430.0,89.2,77.11,15.68,22.81,1.37
2026-03-03,2026,6816.63,23.57,73,6330.7,6330.0,99.0,84.55,17.09,25.23,1.66
2026-03-04,2026,6869.5,21.15,72,6433.4,6430.0,91.66,74.88,22.4,23.07,1.92
2026-03-05,2026,6830.71,23.75,71,6343.8,6340.0,91.38,83.12,9.93,24.72,0.97
2026-03-06,2026,6740.02,29.49,70,6147.6,6150.0,102.98,103.64,-0.63,29.41,-0.08
2026-03-09,2026,6795.99,25.5,67,6288.3,6290.0,95.6,87.9,8.76,26.43,0.93
2026-03-10,2026,6781.48,24.93,66,6288.1,6290.0,97.1,84.82,14.48,26.42,1.49
2026-03-11,2026,6775.8,24.23,65,6299.4,6300.0,91.9,81.28,13.07,25.54,1.31
2026-03-12,2026,6672.62,27.29,64,6148.1,6150.0,93.6,90.26,3.71,27.71,0.42
2026-03-13,2026,6632.19,27.19,77,6075.2,6075.0,105.45,98.34,7.23,28.02,0.83
2026-03-16,2026,6699.38,23.51,74,6218.5,6200.0,96.3,79.02,21.87,25.55,2.04
2026-03-17,2026,6716.09,22.37,73,6260.3,6260.0,95.7,78.54,21.85,24.36,1.99
2026-03-18,2026,6624.7,25.09,72,6123.3,6125.0,89.07,87.38,1.94,25.29,0.2
2026-03-19,2026,6606.49,24.06,71,6129.1,6130.0,114.94,82.49,39.34,27.87,3.81
2026-03-20,2026,6506.48,26.78,70,5985.5,5990.0,113.42,90.86,24.83,29.52,2.74
2026-03-23,2026,6581.0,26.15,67,6076.5,6075.0,89.87,86.56,3.82,26.57,0.42
2026-03-24,2026,6556.37,26.95,66,6044.2,6050.0,93.3,90.61,2.97,27.29,0.34
2026-03-25,2026,6591.9,25.33,65,6109.1,6100.0,92.94,81.01,14.72,26.85,1.52
2026-03-26,2026,6477.16,27.44,64,5964.8,5960.0,98.04,86.47,13.37,28.95,1.51
2026-04-01,2026,6575.32,24.54,78,6074.5,6075.0,100.79,88.38,14.04,25.97,1.43
2026-04-02,2026,6582.69,23.87,77,6094.1,6090.0,104.3,83.54,24.86,26.27,2.4
2026-04-06,2026,6611.83,24.17,73,6127.6,6130.0,96.54,84.73,13.94,25.57,1.4
2026-04-07,2026,6616.85,25.78,72,6103.1,6100.0,102.48,88.85,15.34,27.41,1.63
2026-04-08,2026,6782.81,21.04,71,6355.6,6360.0,90.6,74.46,21.67,22.91,1.87
2026-04-09,2026,6824.66,19.49,70,6431.4,6430.0,86.0,67.75,26.93,21.6,2.11
2026-04-10,2026,6816.89,19.23,69,6430.8,6430.0,86.6,66.16,30.9,21.61,2.38
2026-04-13,2026,6886.24,19.12,66,6502.9,6505.0,85.56,65.05,31.53,21.53,2.41
2026-04-14,2026,6967.38,18.36,65,6600.0,6600.0,78.0,62.59,24.62,20.18,1.82
2026-04-15,2026,7022.95,18.17,76,6635.5,6630.0,90.4,66.77,35.39,20.72,2.55
2026-04-16,2026,7041.28,17.94,75,6659.6,6650.0,84.51,64.61,30.8,20.12,2.18
2026-04-17,2026,7126.06,17.48,74,6750.3,6750.0,83.4,64.74,28.82,19.49,2.01
2026-04-20,2026,7109.14,18.87,71,6709.9,6710.0,84.45,68.82,22.7,20.6,1.73
2026-04-21,2026,7064.01,19.5,70,6657.0,6660.0,76.5,71.22,7.41,20.1,0.6
2026-04-22,2026,7137.9,18.92,69,6740.6,6750.0,89.95,70.43,27.72,21.07,2.15
2026-04-23,2026,7108.4,19.31,68,6705.8,6710.0,87.16,69.77,24.92,21.26,1.95
2026-04-24,2026,7165.08,18.71,67,6773.2,6775.0,87.7,66.67,31.55,21.07,2.36
2026-04-27,2026,7173.91,18.02,64,6806.1,6800.0,79.5,61.54,29.19,20.1,2.08
2026-04-30,2026,7209.01,16.89,78,6835.9,6840.0,89.0,66.01,34.83,19.25,2.36
2026-05-01,2026,7230.12,16.99,77,6855.9,6855.0,92.1,65.19,41.28,19.76,2.77
2026-05-04,2026,7200.75,18.29,74,6803.4,6805.0,90.1,69.29,30.03,20.5,2.21
2026-05-05,2026,7259.22,17.38,73,6883.5,6880.0,90.3,65.0,38.92,20.05,2.67
