date,year,spx,vix,cal_dte,K_target_bs,K_market,K_diff_pct,actual_price,bs_price,bias_pct,market_iv,flat_iv_vix,iv_skew_pp,vix_bucket
2022-05-06,2022,4123.34,30.19,49,3803.2,3800.0,-0.08,69.7,53.09,31.29,34.0,30.19,3.81,≥30
2022-05-09,2022,3991.24,34.75,46,3644.3,3650.0,0.16,69.27,59.37,16.67,37.18,34.75,2.43,≥30
2022-05-10,2022,4001.05,32.99,51,3657.2,3660.0,0.08,74.15,59.17,25.31,36.45,32.99,3.46,≥30
2022-05-11,2022,3935.18,32.56,50,3604.7,3605.0,0.01,63.2,56.44,11.98,34.19,32.56,1.63,≥30
2022-05-12,2022,3930.08,31.77,49,3609.6,3605.0,-0.13,68.32,53.05,28.78,35.47,31.77,3.7,≥30
2022-05-13,2022,4023.89,28.87,49,3725.2,3725.0,-0.01,64.76,50.19,29.02,32.28,28.87,3.41,25-30
2022-05-16,2022,4008.01,27.47,46,3730.1,3730.0,-0.0,58.0,45.54,27.36,30.51,27.47,3.04,25-30
2022-05-17,2022,4088.85,26.1,45,3821.3,3825.0,0.1,59.5,44.31,34.28,29.72,26.1,3.62,25-30
2022-05-18,2022,3923.68,30.96,44,3624.8,3625.0,0.01,55.1,49.68,10.91,32.36,30.96,1.4,≥30
2022-05-19,2022,3900.79,29.35,43,3620.8,3620.0,-0.02,61.47,45.82,34.17,33.38,29.35,4.03,25-30
2022-05-20,2022,3901.36,29.43,42,3623.2,3625.0,0.05,54.8,45.95,19.25,31.76,29.43,2.33,25-30
2022-05-23,2022,3973.75,28.48,53,3671.1,3670.0,-0.03,63.43,50.23,26.27,31.51,28.48,3.03,25-30
2022-05-24,2022,3941.48,29.45,52,3633.6,3635.0,0.04,59.96,51.63,16.12,31.41,29.45,1.96,25-30
2022-05-25,2022,3978.73,28.37,51,3683.4,3685.0,0.04,60.69,50.14,21.05,30.83,28.37,2.46,25-30
2022-05-26,2022,4057.84,27.5,50,3768.6,3770.0,0.04,59.27,49.08,20.77,29.85,27.5,2.35,25-30
2022-05-27,2022,4158.24,25.72,49,3882.1,3880.0,-0.05,58.5,45.41,28.82,28.7,25.72,2.98,25-30
2022-05-31,2022,4132.15,26.19,45,3861.8,3860.0,-0.05,51.6,43.9,17.53,28.05,26.19,1.86,25-30
2022-06-01,2022,4101.23,25.69,44,3840.9,3840.0,-0.02,56.27,42.51,32.37,29.02,25.69,3.33,25-30
2022-06-02,2022,4176.82,24.72,50,3907.6,3900.0,-0.19,62.81,42.92,46.33,29.16,24.72,4.44,20-25
2022-06-03,2022,4108.54,24.79,49,3845.7,3850.0,0.11,60.62,44.65,35.76,28.39,24.79,3.6,20-25
2022-06-06,2022,4121.43,25.07,46,3859.8,3860.0,0.0,52.84,42.52,24.27,27.52,25.07,2.45,25-30
2022-06-07,2022,4160.68,24.02,52,3896.6,3900.0,0.09,60.85,44.95,35.37,27.46,24.02,3.44,20-25
2022-06-08,2022,4115.77,23.96,51,3856.5,3860.0,0.09,61.33,43.77,40.11,27.83,23.96,3.87,20-25
2022-06-09,2022,4017.82,26.09,50,3745.1,3750.0,0.13,61.17,46.64,31.17,29.42,26.09,3.33,25-30
2022-06-10,2022,3900.86,27.75,49,3620.9,3620.0,-0.02,58.38,46.21,26.33,30.71,27.75,2.96,25-30
2022-06-13,2022,3749.63,34.02,46,3431.1,3430.0,-0.03,48.7,53.28,-8.59,32.77,34.02,-1.25,≥30
2022-06-14,2022,3735.48,32.69,52,3414.5,3400.0,-0.42,59.39,51.29,15.8,34.76,32.69,2.07,≥30
2022-06-15,2022,3789.99,29.62,51,3495.7,3500.0,0.12,52.27,50.38,3.76,30.09,29.62,0.47,25-30
2022-06-16,2022,3666.77,32.95,50,3355.2,3350.0,-0.16,65.22,51.94,25.56,36.37,32.95,3.42,≥30
2022-06-17,2022,3674.84,31.13,49,3380.6,3375.0,-0.16,57.02,48.16,18.39,33.46,31.13,2.33,≥30
2022-06-21,2022,3764.79,30.19,45,3481.7,3480.0,-0.05,53.11,46.41,14.43,31.98,30.19,1.79,≥30
2022-06-22,2022,3759.89,28.95,44,3491.9,3490.0,-0.05,52.88,44.0,20.18,31.33,28.95,2.38,25-30
2022-06-23,2022,3795.73,29.05,50,3510.3,3500.0,-0.29,59.79,45.96,30.09,32.52,29.05,3.47,25-30
2022-06-24,2022,3911.74,27.23,49,3636.7,3620.0,-0.46,60.1,42.07,42.85,31.68,27.23,4.45,25-30
2022-06-27,2022,3900.11,26.95,46,3635.4,3650.0,0.4,56.62,47.02,20.42,29.29,26.95,2.34,25-30
2022-06-28,2022,3821.55,28.36,52,3534.2,3535.0,0.02,50.45,48.1,4.88,28.94,28.36,0.58,25-30
2022-06-29,2022,3818.83,28.16,51,3535.4,3535.0,-0.01,55.16,46.84,17.75,30.2,28.16,2.04,25-30
2022-06-30,2022,3785.38,28.71,50,3502.6,3505.0,0.07,54.7,47.81,14.4,30.43,28.71,1.72,25-30
2022-07-01,2022,3825.33,26.7,49,3560.1,3560.0,-0.0,57.1,43.5,31.27,30.06,26.7,3.36,25-30
2022-07-05,2022,3831.39,27.54,52,3552.6,3550.0,-0.07,60.8,46.26,31.42,31.02,27.54,3.48,25-30
2022-07-06,2022,3845.08,26.73,51,3574.7,3575.0,0.01,69.25,45.0,53.89,32.43,26.73,5.7,25-30
2022-07-07,2022,3902.62,26.08,50,3637.7,3640.0,0.06,62.03,44.69,38.81,30.17,26.08,4.09,25-30
2022-07-08,2022,3899.38,24.64,49,3651.9,3650.0,-0.05,62.9,40.87,53.91,29.86,24.64,5.22,20-25
2022-07-11,2022,3854.43,26.17,51,3589.1,3590.0,0.03,59.23,44.29,33.75,29.73,26.17,3.56,25-30
2022-07-12,2022,3818.8,27.29,50,3546.6,3545.0,-0.04,57.4,44.69,28.44,30.42,27.29,3.13,25-30
2022-07-13,2022,3801.78,26.82,49,3538.2,3535.0,-0.09,53.8,43.0,25.11,29.53,26.82,2.71,25-30
2022-07-14,2022,3790.38,26.4,48,3535.0,3550.0,0.43,60.05,46.2,29.98,29.75,26.4,3.35,25-30
2022-07-15,2022,3863.16,24.23,49,3621.7,3630.0,0.23,67.6,42.02,60.87,30.18,24.23,5.95,20-25
2022-07-18,2022,3830.85,25.3,46,3587.7,3580.0,-0.21,42.91,38.65,11.01,26.42,25.3,1.12,25-30
2022-07-19,2022,3936.69,24.5,45,3696.4,3700.0,0.1,57.7,40.36,42.95,28.73,24.5,4.23,20-25
2022-07-20,2022,3959.9,23.88,44,3725.9,3725.0,-0.03,61.5,37.95,62.04,29.64,23.88,5.76,20-25
2022-07-21,2022,3998.95,23.11,50,3756.8,3760.0,0.08,61.3,40.26,52.26,27.89,23.11,4.78,20-25
2022-07-22,2022,3961.63,23.03,49,3725.6,3730.0,0.12,46.31,39.85,16.21,24.57,23.03,1.54,20-25
2022-07-25,2022,3966.84,23.36,46,3732.5,3730.0,-0.07,50.88,37.5,35.68,26.65,23.36,3.29,20-25
2022-07-26,2022,3921.05,24.69,52,3664.5,3665.0,0.01,50.6,42.79,18.24,26.53,24.69,1.84,20-25
2022-07-27,2022,4023.61,23.24,51,3778.0,3780.0,0.05,53.9,41.2,30.83,26.14,23.24,2.9,20-25
2022-07-28,2022,4072.43,22.33,50,3835.8,3835.0,-0.02,50.98,39.02,30.64,25.07,22.33,2.74,20-25
2022-07-29,2022,4130.29,21.33,49,3902.4,3900.0,-0.06,48.23,36.83,30.97,23.95,21.33,2.62,20-25
2022-08-01,2022,4118.63,22.84,46,3881.3,3880.0,-0.03,49.95,38.42,30.01,25.57,22.84,2.73,20-25
2022-08-02,2022,4091.19,23.93,45,3847.5,3845.0,-0.06,47.2,39.6,19.19,25.78,23.93,1.85,20-25
2022-08-03,2022,4155.17,21.95,44,3930.0,3930.0,0.0,48.4,36.76,31.67,24.73,21.95,2.78,20-25
2022-08-04,2022,4151.94,21.44,50,3920.8,3920.0,-0.02,56.7,38.2,48.41,25.52,21.44,4.08,20-25
2022-08-05,2022,4145.19,21.15,49,3918.5,3920.0,0.04,57.57,37.5,53.51,25.6,21.15,4.45,20-25
2022-08-08,2022,4140.06,21.29,46,3917.7,3920.0,0.06,53.32,36.63,45.56,25.13,21.29,3.84,20-25
2022-08-09,2022,4122.47,21.77,52,3884.9,3885.0,0.0,59.2,39.38,50.33,26.08,21.77,4.31,20-25
2022-08-10,2022,4210.24,19.74,51,3992.3,3995.0,0.07,57.88,36.48,58.66,24.28,19.74,4.54,15-20
2022-08-11,2022,4207.27,20.2,50,3985.4,3985.0,-0.01,47.27,36.13,30.84,22.67,20.2,2.47,20-25
2022-08-12,2022,4280.15,19.53,49,4064.9,4060.0,-0.12,50.39,34.35,46.7,23.05,19.53,3.52,15-20
2022-08-15,2022,4297.14,19.95,46,4081.0,4080.0,-0.03,48.68,34.77,39.99,23.08,19.95,3.13,15-20
2022-08-16,2022,4305.2,19.69,52,4082.4,4080.0,-0.06,58.47,36.71,59.29,24.21,19.69,4.52,15-20
2022-08-17,2022,4274.04,19.9,51,4050.7,4050.0,-0.02,49.79,36.53,36.31,22.76,19.9,2.86,15-20
2022-08-18,2022,4283.74,19.56,50,4066.2,4060.0,-0.15,52.24,34.53,51.29,23.4,19.56,3.84,15-20
2022-08-19,2022,4228.48,20.6,49,4003.4,4000.0,-0.09,51.83,36.15,43.38,24.08,20.6,3.48,20-25
2022-08-22,2022,4137.99,23.8,46,3889.5,3890.0,0.01,52.42,40.71,28.75,26.55,23.8,2.75,20-25
2022-08-23,2022,4128.73,24.11,45,3880.8,3880.0,-0.02,49.84,40.63,22.66,26.32,24.11,2.21,20-25
2022-08-24,2022,4140.77,22.82,44,3906.2,3900.0,-0.16,48.5,36.53,32.77,25.74,22.82,2.92,20-25
2022-08-25,2022,4199.12,21.78,50,3961.3,3960.0,-0.03,56.2,39.11,43.69,25.53,21.78,3.75,20-25
2022-08-26,2022,4057.66,25.56,49,3788.2,3800.0,0.31,55.52,46.82,18.57,27.56,25.56,2.0,25-30
2022-08-29,2022,4030.61,26.21,46,3764.9,3760.0,-0.13,51.9,42.79,21.28,28.45,26.21,2.24,25-30
2022-08-30,2022,3986.16,26.21,52,3709.8,3710.0,0.01,56.15,46.32,21.23,28.48,26.21,2.27,25-30
2022-08-31,2022,3955.0,25.87,51,3686.6,3685.0,-0.04,47.8,44.5,7.41,26.66,25.87,0.79,25-30
2022-09-01,2022,3966.85,25.56,50,3703.4,3705.0,0.04,68.2,44.44,53.48,31.0,25.56,5.44,25-30
2022-09-02,2022,3924.26,25.47,49,3665.6,3665.0,-0.02,56.04,42.6,31.55,28.7,25.47,3.23,25-30
2022-09-06,2022,3908.19,26.91,52,3629.6,3650.0,0.56,56.27,51.34,9.6,28.04,26.91,1.13,25-30
2022-09-07,2022,3979.87,24.64,51,3721.4,3730.0,0.23,61.17,44.61,37.11,28.39,24.64,3.75,20-25
2022-09-08,2022,4006.18,23.61,50,3759.7,3750.0,-0.26,55.43,38.69,43.28,27.55,23.61,3.94,20-25
2022-09-09,2022,4067.36,22.79,49,3827.1,3825.0,-0.05,51.2,38.89,31.65,25.65,22.79,2.86,20-25
2022-09-12,2022,4110.41,23.87,49,3857.5,3860.0,0.06,54.9,42.63,28.77,26.66,23.87,2.79,20-25
2022-09-13,2022,3932.69,27.27,48,3658.1,3660.0,0.05,39.05,46.01,-15.13,25.5,27.27,-1.77,25-30
2022-09-14,2022,3946.01,26.16,47,3684.0,3685.0,0.03,52.02,43.58,19.36,28.23,26.16,2.07,25-30
2022-09-15,2022,3901.35,26.27,50,3634.7,3630.0,-0.13,49.3,43.44,13.48,27.71,26.27,1.44,25-30
2022-09-16,2022,3873.33,26.3,49,3610.4,3620.0,0.26,66.22,45.97,44.04,31.06,26.3,4.76,25-30
2022-09-19,2022,3899.89,25.76,46,3646.6,3650.0,0.09,58.6,42.35,38.37,29.75,25.76,3.99,25-30
2022-09-20,2022,3855.93,27.16,45,3594.2,3590.0,-0.12,52.36,41.95,24.83,29.86,27.16,2.7,25-30
2022-09-21,2022,3789.93,27.99,44,3527.2,3525.0,-0.06,49.18,42.44,15.88,29.8,27.99,1.81,25-30
2022-09-22,2022,3757.99,27.35,50,3490.1,3500.0,0.28,56.2,46.86,19.93,29.64,27.35,2.29,25-30
2022-09-23,2022,3693.23,29.92,49,3408.3,3400.0,-0.24,55.83,45.72,22.11,32.57,29.92,2.65,25-30
2022-09-26,2022,3655.04,32.26,46,3358.8,3350.0,-0.26,44.57,47.11,-5.39,31.54,32.26,-0.72,≥30
2022-09-27,2022,3647.29,32.6,52,3333.9,3335.0,0.03,67.8,53.24,27.35,36.26,32.6,3.66,≥30
2022-09-28,2022,3719.04,30.18,51,3424.9,3425.0,0.0,64.15,49.42,29.81,33.84,30.18,3.66,≥30
2022-09-29,2022,3640.47,31.84,50,3340.1,3340.0,-0.0,59.51,50.66,17.47,34.14,31.84,2.3,≥30
2022-09-30,2022,3585.62,31.62,49,3295.0,3295.0,0.0,50.42,49.23,2.41,31.94,31.62,0.32,≥30
2022-10-03,2022,3678.43,30.1,46,3401.8,3400.0,-0.05,52.81,46.09,14.58,31.91,30.1,1.81,≥30
2022-10-04,2022,3790.93,29.07,45,3517.0,3515.0,-0.06,52.0,45.05,15.44,30.91,29.07,1.84,25-30
2022-10-05,2022,3783.28,28.55,51,3498.8,3500.0,0.03,60.53,47.47,27.51,31.75,28.55,3.2,25-30
2022-10-06,2022,3744.52,30.52,50,3448.3,3450.0,0.05,55.0,50.37,9.2,31.7,30.52,1.18,≥30
2022-10-07,2022,3639.66,31.36,49,3346.4,3350.0,0.11,56.07,50.25,11.58,32.88,31.36,1.52,≥30
2022-10-10,2022,3612.39,32.45,51,3305.5,3305.0,-0.01,53.4,51.51,3.67,32.95,32.45,0.5,≥30
2022-10-11,2022,3588.84,33.63,50,3276.9,3275.0,-0.06,46.3,52.47,-11.76,31.94,33.63,-1.69,≥30
2022-10-12,2022,3577.03,33.57,49,3269.6,3270.0,0.01,50.3,52.27,-3.78,33.03,33.57,-0.54,≥30
2022-10-13,2022,3669.91,31.94,48,3372.4,3370.0,-0.07,52.6,49.89,5.44,32.67,31.94,0.73,≥30
2022-10-14,2022,3583.07,32.02,49,3289.1,3300.0,0.33,55.72,52.43,6.27,32.89,32.02,0.87,≥30
2022-10-17,2022,3677.95,31.37,46,3388.8,3390.0,0.03,50.37,48.52,3.81,31.87,31.37,0.5,≥30
2022-10-18,2022,3719.98,30.5,45,3436.6,3440.0,0.1,49.6,47.32,4.82,31.12,30.5,0.62,≥30
2022-10-19,2022,3695.16,30.76,44,3415.5,3400.0,-0.45,49.3,42.97,14.73,32.55,30.76,1.79,≥30
2022-10-20,2022,3665.78,29.98,43,3397.3,3400.0,0.08,49.02,44.84,9.32,31.15,29.98,1.17,25-30
2022-10-21,2022,3752.75,29.69,42,3483.4,3480.0,-0.1,47.55,43.56,9.17,30.81,29.69,1.12,25-30
2022-10-24,2022,3797.34,29.85,53,3497.0,3495.0,-0.06,67.06,50.76,32.11,33.74,29.85,3.89,25-30
2022-10-25,2022,3859.11,28.46,52,3568.9,3570.0,0.03,56.17,49.05,14.53,30.17,28.46,1.71,25-30
2022-10-26,2022,3830.6,27.28,51,3555.6,3555.0,-0.02,55.7,45.55,22.29,29.75,27.28,2.47,25-30
2022-10-27,2022,3807.3,27.39,50,3535.9,3535.0,-0.02,45.8,45.1,1.55,27.57,27.39,0.18,25-30
2022-10-28,2022,3901.06,25.75,49,3642.0,3640.0,-0.06,52.9,42.72,23.84,28.23,25.75,2.48,25-30
2022-10-31,2022,3871.98,25.88,46,3618.6,3620.0,0.04,50.48,41.63,21.26,28.12,25.88,2.24,25-30
2022-11-01,2022,3856.1,25.81,45,3607.6,3610.0,0.07,41.95,41.3,1.56,25.98,25.81,0.17,25-30
2022-11-02,2022,3759.69,25.86,51,3504.5,3500.0,-0.13,46.0,41.59,10.61,26.98,25.86,1.12,25-30
2022-11-03,2022,3719.89,25.3,50,3474.7,3450.0,-0.71,46.17,35.44,30.29,28.16,25.3,2.86,25-30
2022-11-04,2022,3770.55,24.55,49,3531.2,3550.0,0.53,57.26,43.97,30.23,27.72,24.55,3.17,20-25
2022-11-07,2022,3806.8,24.35,46,3572.6,3575.0,0.07,48.45,38.72,25.13,26.84,24.35,2.49,20-25
2022-11-08,2022,3828.11,25.54,52,3570.2,3570.0,-0.0,54.6,43.38,25.86,28.23,25.54,2.69,25-30
2022-11-09,2022,3748.57,26.09,51,3492.3,3490.0,-0.07,51.59,42.44,21.57,28.37,26.09,2.28,25-30
2022-11-10,2022,3956.37,23.53,50,3713.0,3715.0,0.05,62.38,40.44,54.24,28.57,23.53,5.04,20-25
2022-11-11,2022,3992.93,22.52,49,3760.9,3760.0,-0.02,52.93,38.18,38.62,25.97,22.52,3.45,20-25
2022-11-14,2022,3957.25,23.73,46,3721.5,3720.0,-0.04,42.63,38.64,10.33,24.73,23.73,1.0,20-25
2022-11-15,2022,3991.73,24.54,52,3732.5,3725.0,-0.2,48.5,41.59,16.62,26.17,24.54,1.63,20-25
2022-11-16,2022,3958.79,24.11,51,3707.5,3710.0,0.07,47.6,42.1,13.07,25.41,24.11,1.3,20-25
2022-11-17,2022,3946.56,23.93,50,3699.9,3700.0,0.0,46.36,40.68,13.96,25.3,23.93,1.37,20-25
2022-11-18,2022,3965.34,23.12,49,3729.1,3700.0,-0.78,40.98,33.14,23.67,25.14,23.12,2.02,20-25
2022-11-21,2022,3949.94,22.36,46,3728.1,3730.0,0.05,46.09,36.94,24.76,24.61,22.36,2.25,20-25
2022-11-22,2022,4003.58,21.29,52,3778.8,3750.0,-0.76,44.7,31.5,41.92,24.5,21.29,3.21,20-25
2022-11-23,2022,4027.26,20.35,47,3818.8,3825.0,0.16,40.4,35.26,14.58,21.58,20.35,1.23,20-25
2022-11-25,2022,4026.12,20.5,49,3813.8,3830.0,0.42,48.49,38.87,24.75,22.66,20.5,2.16,20-25
2022-11-28,2022,3963.94,22.21,46,3741.4,3740.0,-0.04,45.2,35.77,26.36,24.54,22.21,2.33,20-25
2022-11-29,2022,3957.63,21.89,52,3727.7,3730.0,0.06,53.4,38.38,39.12,25.31,21.89,3.42,20-25
2022-11-30,2022,4080.11,20.58,51,3859.0,3860.0,0.03,55.3,36.4,51.93,24.77,20.58,4.19,20-25
2022-12-01,2022,4076.57,19.84,50,3865.6,3865.0,-0.01,45.8,34.32,33.44,22.47,19.84,2.63,15-20
2022-12-02,2022,4071.7,19.06,49,3872.9,3875.0,0.05,45.9,33.49,37.04,21.88,19.06,2.82,15-20
2022-12-05,2022,3998.84,20.75,49,3784.1,3800.0,0.42,45.82,38.72,18.34,22.37,20.75,1.62,20-25
2022-12-06,2022,3941.26,22.17,48,3718.0,3750.0,0.86,54.48,44.58,22.2,24.39,22.17,2.22,20-25
2022-12-07,2022,3933.92,22.68,47,3707.3,3700.0,-0.2,45.14,35.62,26.72,25.06,22.68,2.38,20-25
2022-12-08,2022,3963.51,22.29,50,3733.2,3750.0,0.45,51.98,41.86,24.17,24.59,22.29,2.3,20-25
2022-12-09,2022,3934.38,22.83,49,3701.9,3700.0,-0.05,41.53,37.79,9.89,23.75,22.83,0.92,20-25
2022-12-12,2022,3990.56,25.0,49,3733.4,3700.0,-0.89,40.14,35.79,12.16,26.14,25.0,1.14,20-25
2022-12-13,2022,4019.65,22.55,49,3786.1,3785.0,-0.03,30.8,38.53,-20.06,20.62,22.55,-1.93,20-25
2022-12-14,2022,3995.32,21.14,48,3778.8,3785.0,0.16,35.6,36.82,-3.32,20.84,21.14,-0.3,20-25
2022-12-15,2022,3895.75,22.83,50,3663.7,3660.0,-0.1,47.33,37.43,26.44,25.23,22.83,2.4,20-25
2022-12-16,2022,3852.36,22.62,49,3626.6,3620.0,-0.18,48.63,35.56,36.75,25.85,22.62,3.23,20-25
2022-12-19,2022,3817.66,22.42,49,3595.8,3600.0,0.12,47.36,37.25,27.16,24.9,22.42,2.48,20-25
2022-12-20,2022,3821.62,21.48,48,3610.8,3620.0,0.26,43.37,36.47,18.93,23.18,21.48,1.7,20-25
2022-12-21,2022,3878.44,20.07,47,3681.5,3675.0,-0.18,41.51,30.97,34.04,22.72,20.07,2.65,20-25
2022-12-22,2022,3822.39,21.97,50,3604.0,3600.0,-0.11,50.2,35.31,42.16,25.59,21.97,3.62,20-25
2022-12-23,2022,3844.82,20.87,49,3638.3,3650.0,0.32,52.8,36.86,43.23,24.6,20.87,3.73,20-25
2022-12-27,2022,3829.25,21.65,52,3610.5,3610.0,-0.01,48.3,36.39,32.73,24.48,21.65,2.83,20-25
2022-12-28,2022,3783.22,22.14,51,3563.4,3565.0,0.05,38.19,36.8,3.78,22.49,22.14,0.35,20-25
2022-12-29,2022,3849.28,21.44,50,3635.0,3635.0,-0.0,48.87,35.59,37.33,24.63,21.44,3.19,20-25
2022-12-30,2022,3839.5,21.67,49,3623.9,3625.0,0.03,51.53,35.47,45.26,25.55,21.67,3.88,20-25
2023-01-03,2023,3824.14,22.9,52,3592.6,3600.0,0.21,48.8,40.27,21.18,24.92,22.9,2.02,20-25
2023-01-04,2023,3852.97,22.01,51,3631.0,3650.0,0.52,59.43,41.44,43.43,26.07,22.01,4.06,20-25
2023-01-05,2023,3808.1,22.46,50,3585.0,3575.0,-0.28,39.65,34.59,14.64,23.76,22.46,1.3,20-25
2023-01-06,2023,3895.08,21.13,49,3682.1,3680.0,-0.06,49.7,34.39,44.51,24.81,21.13,3.68,20-25
2023-01-09,2023,3892.09,21.97,50,3669.7,3670.0,0.01,38.1,36.92,3.21,22.26,21.97,0.29,20-25
2023-01-10,2023,3919.25,20.58,49,3710.7,3710.0,-0.02,40.71,33.98,19.82,22.22,20.58,1.64,20-25
2023-01-11,2023,3969.61,21.09,48,3754.5,3750.0,-0.12,40.4,34.03,18.72,22.66,21.09,1.57,20-25
2023-01-12,2023,3983.17,18.83,50,3788.7,3790.0,0.03,51.3,32.34,58.63,23.14,18.83,4.31,15-20
2023-01-13,2023,3999.09,18.35,49,3809.7,3800.0,-0.25,37.0,28.76,28.66,20.36,18.35,2.01,15-20
2023-01-17,2023,3990.97,19.36,45,3798.0,3800.0,0.05,36.85,31.56,16.76,20.68,19.36,1.32,15-20
2023-01-18,2023,3928.86,20.34,44,3731.3,3730.0,-0.03,37.0,31.7,16.72,21.71,20.34,1.37,20-25
2023-01-19,2023,3898.85,20.52,43,3702.8,3700.0,-0.07,36.21,31.03,16.71,21.89,20.52,1.37,20-25
2023-01-20,2023,3972.61,19.85,42,3782.5,3780.0,-0.07,43.5,30.46,42.83,23.17,19.85,3.32,15-20
2023-01-23,2023,4019.81,19.81,53,3807.8,3810.0,0.06,47.25,35.59,32.77,22.41,19.81,2.6,15-20
2023-01-24,2023,4016.95,19.2,52,3813.0,3815.0,0.05,41.0,33.97,20.71,20.81,19.2,1.61,15-20
2023-01-25,2023,4016.22,19.08,51,3816.2,3815.0,-0.03,45.8,32.92,39.12,22.02,19.08,2.94,15-20
2023-01-26,2023,4060.43,18.73,50,3864.1,3865.0,0.02,47.42,32.87,44.26,22.01,18.73,3.28,15-20
2023-01-27,2023,4070.56,18.51,49,3877.8,3880.0,0.06,40.67,32.52,25.07,20.39,18.51,1.88,15-20
2023-01-30,2023,4017.77,19.94,46,3815.7,3815.0,-0.02,39.4,32.53,21.12,21.62,19.94,1.68,15-20
2023-01-31,2023,4076.6,19.4,45,3879.5,3880.0,0.01,44.7,32.06,39.42,22.42,19.4,3.02,15-20
2023-02-01,2023,4119.21,17.87,51,3928.1,3925.0,-0.08,63.65,31.21,103.91,24.77,17.87,6.9,15-20
2023-02-02,2023,4179.76,18.73,50,3977.7,3975.0,-0.07,46.9,33.05,41.9,21.8,18.73,3.07,15-20
2023-02-03,2023,4136.48,18.33,49,3942.6,3950.0,0.19,48.33,33.87,42.67,21.5,18.33,3.17,15-20
2023-02-06,2023,4111.08,19.43,46,3910.3,3910.0,-0.01,43.72,32.6,34.11,22.05,19.43,2.62,15-20
2023-02-07,2023,4164.0,18.66,52,3958.6,3960.0,0.03,42.47,34.0,24.9,20.53,18.66,1.87,15-20
2023-02-08,2023,4117.86,19.63,51,3906.7,3910.0,0.08,49.33,35.79,37.82,22.61,19.63,2.98,15-20
2023-02-09,2023,4081.5,20.71,50,3862.3,3855.0,-0.19,40.75,34.83,17.01,22.11,20.71,1.4,20-25
2023-02-10,2023,4090.46,20.53,49,3874.8,3875.0,0.01,52.34,35.9,45.81,24.25,20.53,3.72,20-25
2023-02-13,2023,4137.29,20.34,46,3925.2,3925.0,-0.0,47.35,34.37,37.75,23.37,20.34,3.03,20-25
2023-02-14,2023,4136.13,18.91,45,3942.2,3940.0,-0.06,46.44,31.27,48.52,22.47,18.91,3.56,15-20
2023-02-15,2023,4147.6,18.23,44,3961.3,3960.0,-0.03,39.33,29.83,31.83,20.51,18.23,2.28,15-20
2023-02-16,2023,4090.41,20.17,43,3888.7,3890.0,0.03,36.8,32.97,11.63,21.13,20.17,0.96,20-25
2023-02-17,2023,4079.09,20.02,42,3881.9,3880.0,-0.05,41.01,31.64,29.61,22.37,20.02,2.35,20-25
2023-02-21,2023,3997.34,22.87,52,3755.3,3760.0,0.12,46.32,41.27,12.25,24.03,22.87,1.16,20-25
2023-02-22,2023,3991.05,22.29,51,3757.2,3760.0,0.07,44.74,39.26,13.96,23.57,22.29,1.28,20-25
2023-02-23,2023,4012.32,21.14,50,3790.9,3800.0,0.24,43.8,38.33,14.28,22.4,21.14,1.26,20-25
2023-02-24,2023,3970.04,21.67,49,3747.1,3750.0,0.08,43.71,37.07,17.91,23.26,21.67,1.59,20-25
2023-02-27,2023,3982.24,20.95,46,3772.2,3770.0,-0.06,39.71,33.76,17.61,22.43,20.95,1.48,20-25
2023-02-28,2023,3970.15,20.7,52,3753.0,3755.0,0.05,38.78,36.44,6.42,21.25,20.7,0.55,20-25
2023-03-01,2023,3951.39,20.58,51,3737.2,3735.0,-0.06,40.34,34.54,16.78,21.97,20.58,1.39,20-25
2023-03-02,2023,3981.35,19.59,50,3779.2,3780.0,0.02,42.2,33.65,25.42,21.59,19.59,2.0,15-20
2023-03-03,2023,4045.64,18.49,49,3854.0,3855.0,0.03,38.5,31.96,20.47,20.02,18.49,1.53,15-20
2023-03-06,2023,4048.42,18.61,46,3859.6,3860.0,0.01,34.7,30.9,12.3,19.54,18.61,0.93,15-20
2023-03-07,2023,3986.37,19.59,52,3780.0,3780.0,-0.0,38.43,34.04,12.9,20.62,19.59,1.03,15-20
2023-03-08,2023,3992.01,19.11,51,3793.2,3795.0,0.05,40.95,33.51,22.21,20.83,19.11,1.72,15-20
2023-03-09,2023,3918.32,22.61,50,3686.8,3685.0,-0.05,40.45,37.6,7.58,23.31,22.61,0.7,20-25
2023-03-10,2023,3861.59,24.8,49,3612.7,3615.0,0.06,44.58,41.19,8.23,25.64,24.8,0.84,20-25
2023-03-13,2023,3855.76,26.52,46,3597.8,3600.0,0.06,43.4,42.82,1.36,26.67,26.52,0.15,25-30
2023-03-14,2023,3919.29,23.73,52,3672.4,3675.0,0.07,52.0,41.42,25.54,26.2,23.73,2.47,20-25
2023-03-15,2023,3891.93,26.14,51,3624.0,3625.0,0.03,63.8,44.61,43.02,30.63,26.14,4.49,25-30
2023-03-16,2023,3960.28,22.99,50,3722.4,3720.0,-0.07,46.52,38.57,20.62,24.89,22.99,1.9,20-25
2023-03-17,2023,3916.64,25.51,49,3658.5,3660.0,0.04,52.6,43.16,21.88,27.79,25.51,2.28,25-30
2023-03-20,2023,3951.57,24.15,46,3710.4,3710.0,-0.01,49.63,39.19,26.63,26.73,24.15,2.58,20-25
2023-03-21,2023,4002.87,21.38,52,3776.1,3775.0,-0.03,48.1,37.19,29.33,23.88,21.38,2.5,20-25
2023-03-22,2023,3936.97,22.26,51,3706.3,3715.0,0.24,36.51,39.96,-8.63,21.43,22.26,-0.83,20-25
2023-03-23,2023,3948.72,22.61,50,3715.4,3715.0,-0.01,45.54,38.2,19.2,24.37,22.61,1.76,20-25
2023-03-24,2023,3970.99,21.74,49,3748.0,3750.0,0.05,48.58,37.17,30.71,24.43,21.74,2.69,20-25
2023-03-27,2023,3977.53,20.6,46,3771.7,3770.0,-0.04,41.78,33.32,25.39,22.69,20.6,2.09,20-25
2023-03-28,2023,3971.27,19.97,52,3761.8,3760.0,-0.05,48.08,34.26,40.35,23.14,19.97,3.17,15-20
2023-03-29,2023,4027.81,19.12,51,3827.2,3825.0,-0.06,43.35,32.96,31.5,21.51,19.12,2.39,15-20
2023-03-30,2023,4050.83,19.02,50,3851.1,3850.0,-0.03,42.9,32.73,31.09,21.36,19.02,2.34,15-20
2023-03-31,2023,4109.31,18.7,49,3912.7,3915.0,0.06,45.3,33.21,36.42,21.43,18.7,2.73,15-20
2023-04-03,2023,4124.51,18.55,46,3933.2,3935.0,0.05,40.18,31.77,26.48,20.53,18.55,1.98,15-20
2023-04-04,2023,4100.6,19.0,52,3894.4,3890.0,-0.11,44.84,32.84,36.52,21.7,19.0,2.7,15-20
2023-04-05,2023,4090.38,19.08,51,3886.7,3885.0,-0.04,43.1,33.43,28.91,21.27,19.08,2.19,15-20
2023-04-06,2023,4105.02,18.4,50,3908.6,3915.0,0.16,53.77,33.49,60.54,22.81,18.4,4.41,15-20
2023-04-10,2023,4109.11,18.97,51,3904.5,3900.0,-0.11,39.21,32.52,20.59,20.51,18.97,1.54,15-20
2023-04-11,2023,4108.94,19.1,50,3905.3,3910.0,0.12,37.75,34.59,9.13,19.82,19.1,0.72,15-20
2023-04-12,2023,4091.95,19.09,49,3890.1,3890.0,-0.0,32.55,32.85,-0.91,19.02,19.09,-0.07,15-20
2023-04-13,2023,4146.22,17.8,48,3957.9,3960.0,0.05,44.5,31.14,42.9,20.81,17.8,3.01,15-20
2023-04-14,2023,4137.64,17.07,49,3957.8,3950.0,-0.2,42.7,28.29,50.96,20.36,17.07,3.29,15-20
2023-04-17,2023,4151.32,16.95,46,3976.0,3975.0,-0.02,41.36,28.5,45.13,19.93,16.95,2.98,15-20
2023-04-18,2023,4154.87,16.83,52,3972.3,3975.0,0.07,37.5,31.05,20.75,18.25,16.83,1.42,15-20
2023-04-19,2023,4154.52,16.46,51,3978.0,3980.0,0.05,43.0,29.99,43.39,19.29,16.46,2.83,15-20
2023-04-20,2023,4129.79,17.17,50,3946.3,3950.0,0.09,40.66,30.89,31.63,19.35,17.17,2.18,15-20
2023-04-21,2023,4133.52,16.77,49,3955.9,3960.0,0.1,40.2,29.98,34.09,19.06,16.77,2.29,15-20
2023-04-24,2023,4137.04,16.89,46,3963.3,3960.0,-0.08,40.65,27.87,45.84,19.87,16.89,2.98,15-20
2023-04-25,2023,4071.63,18.76,52,3870.8,3870.0,-0.02,44.62,33.21,34.37,21.31,18.76,2.55,15-20
2023-04-26,2023,4055.99,18.84,51,3856.0,3855.0,-0.02,47.54,32.72,45.31,22.18,18.84,3.34,15-20
2023-04-27,2023,4135.35,17.03,50,3953.6,3955.0,0.03,41.63,30.26,37.59,19.56,17.03,2.53,15-20
2023-04-28,2023,4169.48,15.78,49,4002.5,4005.0,0.06,43.6,28.28,54.18,19.13,15.78,3.35,15-20
2023-05-01,2023,4167.87,16.08,46,4001.0,4000.0,-0.02,37.44,26.98,38.75,18.51,16.08,2.43,15-20
2023-05-02,2023,4119.58,17.78,45,3938.5,3940.0,0.04,41.14,29.99,37.16,20.4,17.78,2.62,15-20
2023-05-03,2023,4090.75,18.34,51,3895.0,3890.0,-0.13,38.6,31.3,23.32,20.02,18.34,1.68,15-20
2023-05-04,2023,4061.22,20.09,50,3849.0,3850.0,0.03,47.12,35.15,34.07,22.82,20.09,2.73,20-25
2023-05-05,2023,4136.25,17.19,49,3954.5,3950.0,-0.11,41.34,29.05,42.29,19.99,17.19,2.8,15-20
2023-05-08,2023,4138.12,16.98,46,3962.3,3960.0,-0.06,41.75,28.03,48.97,20.17,16.98,3.19,15-20
2023-05-09,2023,4119.17,17.71,52,3928.1,3930.0,0.05,45.44,32.26,40.85,20.58,17.71,2.87,15-20
2023-05-10,2023,4137.64,16.94,51,3955.8,3955.0,-0.02,41.93,30.03,39.63,19.57,16.94,2.63,15-20
2023-05-11,2023,4130.62,16.93,50,3951.1,3950.0,-0.03,42.45,29.69,42.98,19.78,16.93,2.85,15-20
2023-05-12,2023,4124.08,17.03,49,3944.9,3940.0,-0.12,41.94,28.64,46.41,20.06,17.03,3.03,15-20
2023-05-15,2023,4136.28,17.12,46,3959.6,3960.0,0.01,38.16,28.96,31.75,19.27,17.12,2.15,15-20
2023-05-16,2023,4109.9,17.99,52,3915.2,3910.0,-0.13,38.05,30.99,22.8,19.6,17.99,1.61,15-20
2023-05-17,2023,4158.77,16.87,51,3976.0,3975.0,-0.03,38.52,29.84,29.1,18.81,16.87,1.94,15-20
2023-05-18,2023,4198.05,16.05,50,4025.9,4025.0,-0.02,39.32,28.62,37.38,18.41,16.05,2.36,15-20
2023-05-19,2023,4191.98,16.81,49,4011.9,4010.0,-0.05,31.5,29.27,7.61,17.33,16.81,0.52,15-20
2023-05-22,2023,4192.63,17.21,46,4012.5,4010.0,-0.06,33.95,28.88,17.54,18.41,17.21,1.2,15-20
2023-05-23,2023,4145.58,18.53,45,3955.3,3960.0,0.12,38.98,32.2,21.06,20.13,18.53,1.6,15-20
2023-05-24,2023,4115.24,20.03,51,3898.2,3900.0,0.05,41.58,35.83,16.03,21.34,20.03,1.31,20-25
2023-05-25,2023,4151.28,19.14,50,3944.5,3940.0,-0.11,42.53,32.87,29.39,21.34,19.14,2.2,15-20
2023-05-26,2023,4205.45,17.95,49,4012.4,4010.0,-0.06,37.74,31.49,19.87,19.37,17.95,1.42,15-20
2023-05-30,2023,4205.52,17.46,52,4012.5,4010.0,-0.06,36.58,31.31,16.84,18.63,17.46,1.17,15-20
2023-05-31,2023,4179.83,17.94,51,3983.9,3985.0,0.03,38.3,32.46,17.97,19.24,17.94,1.3,15-20
2023-06-01,2023,4221.02,15.65,50,4052.0,4050.0,-0.05,33.0,27.67,19.25,16.85,15.65,1.2,15-20
2023-06-02,2023,4282.37,14.6,49,4124.5,4125.0,0.01,30.82,26.34,17.03,15.6,14.6,1.0,<15
2023-06-05,2023,4273.79,14.73,46,4119.4,4120.0,0.02,29.04,25.87,12.26,15.46,14.73,0.73,<15
2023-06-06,2023,4283.85,13.96,52,4130.1,4130.0,-0.0,34.8,25.82,34.78,15.87,13.96,1.91,<15
2023-06-07,2023,4267.52,13.94,51,4115.4,4120.0,0.11,32.32,26.37,22.56,15.22,13.94,1.28,<15
2023-06-08,2023,4293.93,13.65,50,4146.1,4150.0,0.09,31.57,25.69,22.87,14.91,13.65,1.26,<15
2023-06-09,2023,4298.86,13.83,49,4149.8,4150.0,0.0,29.69,24.99,18.82,14.87,13.83,1.04,<15
2023-06-12,2023,4338.93,15.01,49,4173.7,4175.0,0.03,34.62,27.55,25.67,16.55,15.01,1.54,15-20
2023-06-13,2023,4369.01,14.61,48,4209.0,4205.0,-0.1,28.1,25.62,9.66,15.17,14.61,0.56,<15
2023-06-14,2023,4372.59,13.88,47,4223.1,4225.0,0.04,28.49,25.4,12.18,14.57,13.88,0.69,<15
2023-06-15,2023,4425.84,14.5,50,4262.7,4260.0,-0.06,29.5,26.64,10.74,15.12,14.5,0.62,<15
2023-06-16,2023,4409.59,13.54,49,4259.9,4260.0,0.0,28.4,24.98,13.69,14.28,13.54,0.74,<15
2023-06-20,2023,4388.71,13.88,45,4240.8,4240.0,-0.02,29.51,24.27,21.59,15.07,13.88,1.19,<15
2023-06-21,2023,4365.69,13.2,51,4219.7,4220.0,0.01,36.09,24.7,46.14,15.57,13.2,2.37,<15
2023-06-22,2023,4381.89,12.91,50,4240.7,4230.0,-0.25,32.7,21.86,49.62,15.26,12.91,2.35,<15
2023-06-23,2023,4348.33,13.44,49,4201.8,4200.0,-0.04,30.32,24.02,26.24,14.82,13.44,1.38,<15
2023-06-26,2023,4328.82,14.25,46,4176.6,4175.0,-0.04,29.65,24.56,20.74,15.41,14.25,1.16,<15
2023-06-27,2023,4378.41,13.74,52,4224.5,4225.0,0.01,31.0,26.19,18.36,14.75,13.74,1.01,<15
2023-06-28,2023,4376.86,13.43,51,4227.3,4225.0,-0.05,30.15,24.58,22.65,14.62,13.43,1.19,<15
2023-06-29,2023,4396.44,13.54,50,4246.2,4245.0,-0.03,30.7,24.93,23.16,14.78,13.54,1.24,<15
2023-06-30,2023,4450.38,13.59,49,4298.3,4300.0,0.04,28.31,25.57,10.73,14.18,13.59,0.59,<15
2023-07-03,2023,4455.59,13.57,46,4307.7,4310.0,0.05,28.54,24.97,14.28,14.35,13.57,0.78,<15
2023-07-05,2023,4446.82,14.18,51,4286.1,4280.0,-0.14,30.8,25.8,19.36,15.25,14.18,1.07,<15
2023-07-06,2023,4411.59,15.44,50,4237.1,4240.0,0.07,41.65,29.5,41.18,17.96,15.44,2.52,15-20
2023-07-07,2023,4398.95,14.83,49,4233.6,4230.0,-0.08,30.05,26.54,13.24,15.61,14.83,0.78,<15
2023-07-10,2023,4409.53,15.07,46,4245.9,4250.0,0.1,33.49,28.01,19.56,16.27,15.07,1.2,15-20
2023-07-11,2023,4439.26,14.84,51,4270.2,4270.0,-0.0,34.65,28.22,22.78,16.19,14.84,1.35,<15
2023-07-12,2023,4472.16,13.54,50,4319.3,4320.0,0.02,29.3,25.76,13.75,14.29,13.54,0.75,<15
2023-07-13,2023,4510.04,13.61,49,4355.9,4355.0,-0.02,28.4,25.44,11.63,14.24,13.61,0.63,<15
2023-07-14,2023,4505.42,13.34,49,4355.8,4360.0,0.1,30.29,26.19,15.64,14.19,13.34,0.85,<15
2023-07-17,2023,4522.79,13.48,46,4373.7,4375.0,0.03,29.0,24.94,16.26,14.36,13.48,0.88,<15
2023-07-18,2023,4554.98,13.3,45,4408.2,4410.0,0.04,27.03,24.58,9.95,13.84,13.3,0.54,<15
2023-07-19,2023,4565.72,13.76,44,4414.1,4410.0,-0.09,26.8,23.94,11.96,14.41,13.76,0.65,<15
2023-07-20,2023,4534.87,13.99,43,4383.2,4380.0,-0.07,25.81,24.15,6.88,14.37,13.99,0.38,<15
2023-07-21,2023,4536.34,13.6,42,4391.3,4390.0,-0.03,26.31,23.69,11.04,14.2,13.6,0.6,<15
2023-07-24,2023,4554.64,13.91,53,4390.1,4390.0,-0.0,30.21,27.51,9.82,14.46,13.91,0.55,<15
2023-07-25,2023,4567.46,13.86,52,4404.7,4405.0,0.01,31.27,27.38,14.19,14.65,13.86,0.79,<15
2023-07-26,2023,4566.75,13.19,51,4414.0,4415.0,0.02,33.7,25.92,29.99,14.76,13.19,1.57,<15
2023-07-27,2023,4537.41,14.41,50,4371.2,4370.0,-0.03,20.67,27.44,-24.68,12.91,14.41,-1.5,<15
2023-07-28,2023,4582.23,13.33,49,4430.1,4430.0,-0.0,28.84,25.66,12.41,14.0,13.33,0.67,<15
2023-07-31,2023,4588.96,13.63,46,4436.6,4435.0,-0.04,29.7,25.14,18.14,14.61,13.63,0.98,<15
2023-08-01,2023,4576.73,13.93,45,4422.5,4425.0,0.06,28.92,26.25,10.15,14.51,13.93,0.58,<15
2023-08-02,2023,4513.39,16.09,51,4326.1,4350.0,0.55,38.68,36.83,5.03,16.45,16.09,0.36,15-20
2023-08-03,2023,4501.89,15.92,50,4317.2,4325.0,0.18,37.19,31.99,16.27,16.99,15.92,1.07,15-20
2023-08-04,2023,4478.03,17.1,49,4281.2,4280.0,-0.03,36.77,31.81,15.58,18.16,17.1,1.06,15-20
2023-08-07,2023,4518.44,15.77,46,4341.9,4340.0,-0.04,35.13,28.63,22.72,17.19,15.77,1.42,15-20
2023-08-08,2023,4499.38,15.99,52,4312.6,4315.0,0.05,40.7,31.88,27.65,17.77,15.99,1.78,15-20
2023-08-09,2023,4467.71,15.96,51,4283.4,4285.0,0.04,34.1,30.98,10.07,16.62,15.96,0.66,15-20
2023-08-10,2023,4468.83,15.85,50,4287.7,4290.0,0.05,40.25,30.71,31.08,17.82,15.85,1.97,15-20
2023-08-11,2023,4464.05,14.84,49,4296.2,4295.0,-0.03,41.52,27.48,51.08,17.76,14.84,2.92,<15
2023-08-14,2023,4489.72,14.82,46,4325.3,4325.0,-0.01,36.0,26.9,33.82,16.79,14.82,1.97,<15
2023-08-15,2023,4437.86,16.46,52,4247.2,4250.0,0.07,40.0,32.36,23.63,18.03,16.46,1.57,15-20
2023-08-16,2023,4404.33,16.78,51,4212.9,4210.0,-0.07,39.01,31.25,24.84,18.43,16.78,1.65,15-20
2023-08-17,2023,4370.36,17.89,50,4167.6,4160.0,-0.18,40.9,31.61,29.39,19.92,17.89,2.03,15-20
2023-08-18,2023,4369.71,17.3,49,4175.5,4175.0,-0.01,38.2,31.62,20.81,18.74,17.3,1.44,15-20
2023-08-21,2023,4399.77,17.13,46,4211.8,4210.0,-0.04,35.8,30.37,17.89,18.35,17.13,1.22,15-20
2023-08-22,2023,4387.55,16.97,45,4203.3,4200.0,-0.08,34.85,29.26,19.11,18.25,16.97,1.28,15-20
2023-08-23,2023,4436.01,15.98,51,4251.9,4250.0,-0.04,36.62,29.86,22.62,17.41,15.98,1.43,15-20
2023-08-24,2023,4376.31,17.2,50,4181.9,4200.0,0.43,41.0,36.13,13.49,18.2,17.2,1.0,15-20
2023-08-25,2023,4405.71,15.68,49,4229.3,4230.0,0.02,34.28,29.01,18.16,16.82,15.68,1.14,15-20
2023-08-28,2023,4433.31,15.08,46,4268.8,4270.0,0.03,38.03,27.57,37.94,17.34,15.08,2.26,15-20
2023-08-29,2023,4497.63,14.45,52,4330.7,4330.0,-0.02,34.1,28.13,21.22,15.67,14.45,1.22,<15
2023-08-30,2023,4514.87,13.88,51,4355.0,4355.0,-0.0,31.8,26.79,18.69,14.92,13.88,1.04,<15
2023-08-31,2023,4507.66,13.57,50,4353.6,4355.0,0.03,29.38,26.25,11.9,14.22,13.57,0.65,<15
2023-09-01,2023,4515.77,13.09,49,4368.0,4370.0,0.04,31.9,25.08,27.2,14.51,13.09,1.42,<15
2023-09-05,2023,4496.83,14.01,52,4334.3,4330.0,-0.1,30.12,26.22,14.89,14.83,14.01,0.82,<15
2023-09-06,2023,4465.48,14.45,51,4299.8,4300.0,0.01,34.27,27.59,24.22,15.84,14.45,1.39,<15
2023-09-07,2023,4451.14,14.4,50,4288.1,4290.0,0.04,35.62,27.54,29.36,16.08,14.4,1.68,<15
2023-09-08,2023,4457.49,13.84,49,4303.0,4300.0,-0.07,29.4,25.29,16.24,14.73,13.84,0.89,<15
2023-09-11,2023,4487.46,13.8,50,4330.8,4330.0,-0.02,30.75,26.04,18.1,14.79,13.8,0.99,<15
2023-09-12,2023,4461.9,14.23,49,4302.9,4300.0,-0.07,31.05,26.19,18.55,15.28,14.23,1.05,<15
2023-09-13,2023,4467.44,13.48,48,4318.0,4320.0,0.05,29.26,25.39,15.24,14.31,13.48,0.83,<15
2023-09-14,2023,4505.1,12.82,50,4359.9,4360.0,0.0,30.35,24.33,24.77,14.07,12.82,1.25,<15
2023-09-15,2023,4450.32,13.79,49,4296.0,4300.0,0.09,32.2,26.5,21.5,14.99,13.79,1.2,<15
2023-09-18,2023,4453.53,14.0,46,4301.3,4300.0,-0.03,31.28,25.16,24.32,15.35,14.0,1.35,<15
2023-09-19,2023,4443.95,14.11,45,4292.1,4290.0,-0.05,31.0,24.86,24.67,15.48,14.11,1.37,<15
2023-09-20,2023,4402.2,15.14,51,4230.2,4225.0,-0.12,30.26,27.38,10.53,15.77,15.14,0.63,15-20
2023-09-21,2023,4330.0,17.54,50,4133.4,4125.0,-0.2,32.57,30.5,6.78,18.01,17.54,0.47,15-20
2023-09-22,2023,4320.06,17.2,49,4130.2,4125.0,-0.13,29.14,30.28,-3.75,16.94,17.2,-0.26,15-20
2023-09-25,2023,4337.44,16.9,46,4155.3,4160.0,0.11,44.65,31.04,43.84,19.86,16.9,2.96,15-20
2023-09-26,2023,4273.53,18.94,52,4060.7,4060.0,-0.02,41.08,35.25,16.54,20.21,18.94,1.27,15-20
2023-09-27,2023,4274.51,18.22,51,4072.1,4070.0,-0.05,37.0,33.3,11.1,19.04,18.22,0.82,15-20
2023-09-28,2023,4299.7,17.34,50,4106.5,4105.0,-0.04,35.48,31.28,13.41,18.27,17.34,0.93,15-20
2023-09-29,2023,4288.05,17.52,49,4095.4,4095.0,-0.01,36.33,31.57,15.09,18.58,17.52,1.06,15-20
2023-10-02,2023,4288.39,17.61,46,4099.9,4100.0,0.0,36.0,30.9,16.51,18.78,17.61,1.17,15-20
2023-10-03,2023,4229.45,19.78,45,4020.9,4020.0,-0.02,38.88,33.65,15.55,21.02,19.78,1.24,15-20
2023-10-04,2023,4263.75,18.58,51,4057.6,4050.0,-0.19,36.74,32.72,12.29,19.49,18.58,0.91,15-20
2023-10-05,2023,4258.19,18.49,50,4054.4,4050.0,-0.11,36.61,32.71,11.92,19.37,18.49,0.88,15-20
2023-10-06,2023,4308.5,17.45,49,4116.0,4120.0,0.1,38.0,32.61,16.55,18.63,17.45,1.18,15-20
2023-10-09,2023,4335.66,17.7,46,4143.0,4140.0,-0.07,34.02,30.51,11.5,18.51,17.7,0.81,15-20
2023-10-10,2023,4358.24,17.03,51,4164.6,4165.0,0.01,35.55,31.85,11.61,17.83,17.03,0.8,15-20
2023-10-11,2023,4376.95,16.09,50,4195.3,4195.0,-0.01,35.9,29.69,20.9,17.43,16.09,1.34,15-20
2023-10-12,2023,4349.61,16.69,49,4164.8,4160.0,-0.12,36.16,29.68,21.85,18.12,16.69,1.43,15-20
2023-10-13,2023,4327.78,19.32,49,4112.2,4100.0,-0.3,37.88,32.73,15.73,20.5,19.32,1.18,15-20
2023-10-16,2023,4373.63,17.21,46,4185.7,4190.0,0.1,36.93,31.63,16.77,18.39,17.21,1.18,15-20
2023-10-17,2023,4373.2,17.88,45,4178.9,4180.0,0.03,37.5,31.71,18.25,19.19,17.88,1.31,15-20
2023-10-18,2023,4314.6,19.22,44,4110.2,4110.0,-0.01,38.46,33.13,16.09,20.47,19.22,1.25,15-20
2023-10-19,2023,4278.0,21.4,43,4054.5,4050.0,-0.11,37.5,35.5,5.62,21.89,21.4,0.49,20-25
2023-10-20,2023,4224.16,21.71,42,4001.4,4000.0,-0.04,39.72,35.6,11.57,22.73,21.71,1.02,20-25
2023-10-23,2023,4217.04,20.37,53,3988.5,3990.0,0.04,42.8,38.32,11.68,21.35,20.37,0.98,20-25
2023-10-24,2023,4247.68,18.97,52,4036.1,4035.0,-0.03,42.36,35.07,20.77,20.55,18.97,1.58,15-20
2023-10-25,2023,4186.77,20.19,51,3966.0,3965.0,-0.02,43.88,36.54,20.07,21.82,20.19,1.63,20-25
2023-10-26,2023,4137.23,20.68,50,3915.0,3915.0,-0.0,40.97,36.78,11.4,21.64,20.68,0.96,20-25
2023-10-27,2023,4117.37,21.27,49,3892.2,3890.0,-0.06,42.07,36.94,13.89,22.47,21.27,1.2,20-25
2023-10-30,2023,4166.82,19.75,46,3959.3,3960.0,0.02,40.47,33.71,20.06,21.34,19.75,1.59,15-20
2023-10-31,2023,4193.8,18.14,45,4005.4,4005.0,-0.01,36.38,30.72,18.43,19.48,18.14,1.34,15-20
2023-11-01,2023,4237.86,16.87,51,4051.6,4050.0,-0.04,38.18,30.28,26.11,18.61,16.87,1.74,15-20
2023-11-02,2023,4317.78,15.66,50,4144.9,4140.0,-0.12,37.6,27.75,35.49,17.81,15.66,2.15,15-20
2023-11-03,2023,4358.34,14.91,49,4194.5,4190.0,-0.11,34.09,26.45,28.9,16.59,14.91,1.68,<15
2023-11-06,2023,4365.98,14.89,46,4206.1,4210.0,0.09,37.47,27.37,36.88,17.09,14.89,2.2,<15
2023-11-07,2023,4378.38,14.81,52,4210.6,4210.0,-0.01,34.6,27.94,23.85,16.21,14.81,1.4,<15
2023-11-08,2023,4382.78,14.45,51,4220.1,4220.0,-0.0,33.7,27.0,24.81,15.87,14.45,1.42,<15
2023-11-09,2023,4347.35,15.29,50,4177.5,4180.0,0.06,33.8,28.77,17.48,16.37,15.29,1.08,15-20
2023-11-10,2023,4415.24,14.17,49,4257.9,4260.0,0.05,31.3,26.71,17.2,15.15,14.17,0.98,<15
2023-11-13,2023,4411.55,14.76,46,4251.1,4250.0,-0.03,29.7,26.23,13.21,15.54,14.76,0.78,<15
2023-11-14,2023,4495.7,14.16,52,4331.1,4330.0,-0.02,29.27,27.14,7.84,14.61,14.16,0.45,<15
2023-11-15,2023,4502.88,14.18,51,4340.2,4340.0,-0.0,28.2,27.4,2.92,14.35,14.18,0.17,<15
2023-11-16,2023,4508.24,14.32,50,4344.2,4340.0,-0.1,26.5,26.45,0.19,14.33,14.32,0.01,<15
2023-11-17,2023,4514.02,13.8,49,4357.5,4360.0,0.06,26.72,26.59,0.48,13.83,13.8,0.03,<15
2023-11-20,2023,4547.38,13.41,49,4394.2,4400.0,0.13,25.75,26.64,-3.33,13.22,13.41,-0.19,<15
2023-11-21,2023,4538.19,13.35,48,4387.5,4400.0,0.28,29.0,27.75,4.49,13.61,13.35,0.26,<15
2023-11-22,2023,4556.62,12.85,47,4413.1,4420.0,0.16,26.48,25.42,4.15,13.07,12.85,0.22,<15
2023-11-24,2023,4559.34,12.46,49,4419.1,4425.0,0.13,30.9,25.12,23.01,13.63,12.46,1.17,<15
2023-11-27,2023,4550.43,12.69,46,4410.5,4410.0,-0.01,25.58,23.27,9.91,13.19,12.69,0.5,<15
2023-11-28,2023,4554.89,12.69,52,4408.1,4410.0,0.04,30.32,25.32,19.73,13.7,12.69,1.01,<15
2023-11-29,2023,4550.58,12.98,51,4401.7,4400.0,-0.04,28.15,24.97,12.75,13.64,12.98,0.66,<15
2023-11-30,2023,4567.8,12.92,50,4419.5,4420.0,0.01,28.51,24.99,14.07,13.65,12.92,0.73,<15
2023-12-01,2023,4594.63,12.63,49,4451.0,4450.0,-0.02,27.54,24.13,14.14,13.34,12.63,0.71,<15
2023-12-04,2023,4569.78,13.08,49,4420.3,4420.0,-0.01,27.97,24.85,12.56,13.74,13.08,0.66,<15
2023-12-05,2023,4567.18,12.85,48,4422.2,4425.0,0.06,29.24,24.85,17.65,13.77,12.85,0.92,<15
2023-12-06,2023,4549.34,12.97,47,4405.0,4400.0,-0.11,26.6,23.17,14.78,13.72,12.97,0.75,<15
2023-12-07,2023,4585.59,13.06,50,4435.6,4440.0,0.1,31.5,26.36,19.48,14.1,13.06,1.04,<15
2023-12-08,2023,4604.37,12.35,49,4463.9,4475.0,0.25,35.15,26.24,33.94,14.09,12.35,1.74,<15
2023-12-11,2023,4622.44,12.63,49,4478.0,4480.0,0.04,27.59,24.93,10.68,13.18,12.63,0.55,<15
2023-12-12,2023,4643.7,12.07,48,4506.5,4500.0,-0.14,24.28,21.8,11.36,12.6,12.07,0.53,<15
2023-12-13,2023,4707.09,12.19,49,4565.7,4565.0,-0.02,37.63,23.88,57.57,14.87,12.19,2.68,<15
2023-12-14,2023,4719.55,12.48,48,4574.4,4575.0,0.01,25.05,24.41,2.63,12.61,12.48,0.13,<15
2023-12-15,2023,4719.19,12.28,49,4576.3,4575.0,-0.03,28.3,24.01,17.86,13.15,12.28,0.87,<15
2023-12-18,2023,4740.56,12.56,49,4592.4,4600.0,0.17,28.87,26.42,9.26,13.04,12.56,0.48,<15
2023-12-19,2023,4768.37,12.53,48,4621.7,4620.0,-0.04,29.17,24.41,19.5,13.49,12.53,0.96,<15
2023-12-20,2023,4698.35,13.67,47,4540.1,4540.0,-0.0,17.75,26.34,-32.62,11.75,13.67,-1.92,<15
2023-12-21,2023,4746.75,13.65,50,4583.3,4610.0,0.58,44.02,33.62,30.93,15.52,13.65,1.87,<15
2023-12-22,2023,4754.63,13.03,49,4600.2,4575.0,-0.55,27.99,20.97,33.5,14.56,13.03,1.53,<15
2023-12-26,2023,4774.75,12.99,48,4620.9,4620.0,-0.02,29.5,25.36,16.31,13.83,12.99,0.84,<15
2023-12-27,2023,4781.58,12.43,47,4636.8,4670.0,0.72,34.55,32.15,7.47,12.87,12.43,0.44,<15
2023-12-28,2023,4783.35,12.47,50,4633.9,4635.0,0.02,29.49,25.3,16.54,13.3,12.47,0.83,<15
2023-12-29,2023,4769.83,12.45,49,4623.1,4625.0,0.04,29.2,25.3,15.43,13.23,12.45,0.78,<15
2024-01-02,2024,4742.83,13.2,45,4592.3,4590.0,-0.05,32.4,24.73,30.99,14.8,13.2,1.6,<15
2024-01-03,2024,4704.81,14.04,51,4536.0,4525.0,-0.24,29.67,25.96,14.3,14.81,14.04,0.77,<15
2024-01-04,2024,4688.68,14.13,50,4520.4,4525.0,0.1,29.77,29.0,2.66,14.29,14.13,0.16,<15
2024-01-05,2024,4697.24,13.35,49,4541.3,4550.0,0.19,33.42,28.33,17.97,14.35,13.35,1.0,<15
2024-01-08,2024,4763.54,13.08,49,4607.7,4600.0,-0.17,36.59,24.37,50.13,15.52,13.08,2.44,<15
2024-01-09,2024,4756.5,12.76,48,4606.7,4600.0,-0.15,27.65,23.69,16.72,13.58,12.76,0.82,<15
2024-01-10,2024,4783.45,12.69,50,4631.6,4630.0,-0.04,27.65,25.32,9.22,13.16,12.69,0.47,<15
2024-01-11,2024,4780.24,12.44,49,4633.2,4630.0,-0.07,28.65,24.23,18.26,13.33,12.44,0.89,<15
2024-01-12,2024,4783.83,12.7,49,4633.2,4640.0,0.15,29.92,26.93,11.1,13.29,12.7,0.59,<15
2024-01-16,2024,4765.98,13.84,45,4605.4,4610.0,0.1,27.3,27.35,-0.19,13.83,13.84,-0.01,<15
2024-01-17,2024,4739.21,14.79,44,4570.3,4570.0,-0.01,33.65,27.96,20.35,15.99,14.79,1.2,<15
2024-01-18,2024,4780.94,14.13,46,4615.2,4620.0,0.1,35.62,28.47,25.12,15.57,14.13,1.44,<15
2024-01-19,2024,4839.81,13.3,45,4683.8,4680.0,-0.08,26.8,24.91,7.59,13.7,13.3,0.4,<15
2024-01-22,2024,4850.43,13.19,53,4685.8,4685.0,-0.02,30.0,27.68,8.37,13.63,13.19,0.44,<15
2024-01-23,2024,4864.6,12.55,52,4710.2,4710.0,-0.0,33.72,26.35,27.95,13.94,12.55,1.39,<15
2024-01-24,2024,4868.55,13.14,51,4706.9,4705.0,-0.04,29.4,27.01,8.86,13.61,13.14,0.47,<15
2024-01-25,2024,4894.16,13.45,50,4728.1,4730.0,0.04,30.45,28.24,7.84,13.88,13.45,0.43,<15
2024-01-26,2024,4890.97,13.26,49,4728.6,4730.0,0.03,28.79,27.36,5.24,13.54,13.26,0.28,<15
2024-01-29,2024,4927.93,13.6,46,4764.3,4765.0,0.01,29.75,27.36,8.73,14.08,13.6,0.48,<15
2024-01-30,2024,4924.97,13.31,45,4766.3,4765.0,-0.03,26.45,25.95,1.94,13.41,13.31,0.1,<15
2024-01-31,2024,4845.65,14.35,51,4668.2,4675.0,0.15,35.3,31.37,12.53,15.09,14.35,0.74,<15
2024-02-01,2024,4906.19,13.88,50,4733.7,4730.0,-0.08,33.0,28.02,17.77,14.85,13.88,0.97,<15
2024-02-02,2024,4958.61,13.85,49,4786.7,4790.0,0.07,29.6,29.59,0.02,13.85,13.85,0.0,<15
2024-02-05,2024,4942.81,13.67,46,4777.5,4775.0,-0.05,29.2,26.86,8.72,14.15,13.67,0.48,<15
2024-02-06,2024,4954.23,13.06,51,4789.7,4790.0,0.01,30.6,27.53,11.14,13.64,13.06,0.58,<15
2024-02-07,2024,4995.06,12.83,50,4834.1,4835.0,0.02,30.8,27.2,13.25,13.51,12.83,0.68,<15
2024-02-08,2024,4997.91,12.79,49,4839.3,4840.0,0.01,29.93,26.94,11.09,13.36,12.79,0.57,<15
2024-02-09,2024,5026.61,12.93,48,4865.8,4865.0,-0.02,28.9,26.67,8.36,13.36,12.93,0.43,<15
2024-02-12,2024,5021.84,13.93,45,4852.6,4855.0,0.05,29.05,28.73,1.11,13.99,13.93,0.06,<15
2024-02-13,2024,4953.17,15.85,52,4748.8,4750.0,0.03,36.25,34.32,5.63,16.21,15.85,0.36,15-20
2024-02-14,2024,5000.62,14.38,51,4816.3,4820.0,0.08,38.55,31.54,22.23,15.67,14.38,1.29,<15
2024-02-15,2024,5029.73,14.01,50,4850.4,4850.0,-0.01,33.96,29.59,14.79,14.84,14.01,0.83,<15
2024-02-16,2024,5005.57,14.24,49,4825.9,4825.0,-0.02,26.77,29.66,-9.73,13.67,14.24,-0.57,<15
2024-02-20,2024,4975.51,15.42,45,4787.2,4790.0,0.06,31.08,31.44,-1.15,15.35,15.42,-0.07,15-20
2024-02-21,2024,4981.8,15.34,51,4784.8,4780.0,-0.1,36.23,31.74,14.14,16.2,15.34,0.86,15-20
2024-02-22,2024,5087.03,14.54,50,4898.3,4900.0,0.04,30.07,31.59,-4.82,14.25,14.54,-0.29,<15
2024-02-23,2024,5088.8,13.75,49,4913.6,4910.0,-0.07,27.32,28.62,-4.53,13.5,13.75,-0.25,<15
2024-02-26,2024,5069.53,13.74,46,4898.7,4900.0,0.03,26.8,28.44,-5.78,13.41,13.74,-0.33,<15
2024-02-27,2024,5078.18,13.43,52,4903.4,4905.0,0.03,30.27,29.73,1.83,13.53,13.43,0.1,<15
2024-02-28,2024,5069.76,13.84,51,4891.5,4890.0,-0.03,28.34,29.82,-4.97,13.56,13.84,-0.28,<15
2024-02-29,2024,5096.27,13.4,50,4924.6,4925.0,0.01,26.45,29.07,-9.0,12.9,13.4,-0.5,<15
2024-03-01,2024,5137.08,13.11,49,4969.0,4970.0,0.02,28.01,28.37,-1.25,13.04,13.11,-0.07,<15
2024-03-04,2024,5130.95,13.49,46,4961.8,4960.0,-0.04,27.25,27.65,-1.45,13.41,13.49,-0.08,<15
2024-03-05,2024,5078.65,14.46,52,4888.9,4890.0,0.02,31.91,31.96,-0.14,14.45,14.46,-0.01,<15
2024-03-06,2024,5104.76,14.5,51,4915.3,4920.0,0.1,29.99,32.76,-8.46,13.98,14.5,-0.52,<15
2024-03-07,2024,5157.36,14.44,50,4968.5,4975.0,0.13,33.3,33.07,0.69,14.48,14.44,0.04,<15
2024-03-08,2024,5123.69,14.74,49,4933.6,4930.0,-0.07,31.9,31.09,2.6,14.89,14.74,0.15,<15
2024-03-11,2024,5117.94,15.22,50,4918.0,4925.0,0.14,32.6,34.39,-5.2,14.89,15.22,-0.33,15-20
2024-03-12,2024,5175.27,13.84,49,4995.9,4995.0,-0.02,29.28,29.91,-2.1,13.72,13.84,-0.12,<15
2024-03-13,2024,5165.31,13.75,48,4988.8,4990.0,0.02,28.2,29.74,-5.19,13.46,13.75,-0.29,<15
2024-03-14,2024,5150.48,14.4,50,4961.9,4960.0,-0.04,30.74,31.0,-0.85,14.35,14.4,-0.05,<15
2024-03-15,2024,5117.09,14.41,49,4930.9,4930.0,-0.02,32.68,30.68,6.53,14.79,14.41,0.38,<15
2024-03-18,2024,5149.42,14.33,46,4968.4,4970.0,0.03,29.9,30.38,-1.57,14.24,14.33,-0.09,<15
2024-03-19,2024,5178.51,13.82,45,5004.0,5000.0,-0.08,29.17,27.7,5.3,14.11,13.82,0.29,<15
2024-03-20,2024,5224.62,13.04,51,5052.4,5040.0,-0.25,30.12,26.58,13.3,13.7,13.04,0.66,<15
2024-03-21,2024,5241.53,12.92,50,5071.3,5070.0,-0.03,28.42,28.27,0.53,12.95,12.92,0.03,<15
2024-03-22,2024,5234.18,13.06,49,5064.2,5060.0,-0.08,29.1,27.8,4.66,13.3,13.06,0.24,<15
2024-03-25,2024,5218.19,13.19,46,5050.0,5050.0,-0.0,27.69,27.77,-0.28,13.18,13.19,-0.01,<15
2024-03-26,2024,5203.58,13.24,52,5028.3,5030.0,0.03,30.38,30.24,0.45,13.26,13.24,0.02,<15
2024-03-27,2024,5248.49,12.78,51,5079.3,5080.0,0.01,35.5,28.8,23.27,13.96,12.78,1.18,<15
2024-03-28,2024,5254.35,13.01,50,5082.5,5080.0,-0.05,28.75,28.32,1.51,13.09,13.01,0.08,<15
2024-04-01,2024,5243.77,13.65,46,5069.7,5070.0,0.01,31.03,29.29,5.94,13.98,13.65,0.33,<15
2024-04-02,2024,5205.81,14.61,45,5020.3,5020.0,-0.01,32.0,30.52,4.85,14.9,14.61,0.29,<15
2024-04-03,2024,5211.49,14.33,51,5020.6,5020.0,-0.01,33.3,31.89,4.41,14.59,14.33,0.26,<15
2024-04-04,2024,5147.21,16.35,50,4931.1,4925.0,-0.12,36.02,34.54,4.28,16.63,16.35,0.28,15-20
2024-04-05,2024,5204.34,16.03,49,4992.2,4990.0,-0.04,36.3,34.68,4.67,16.33,16.03,0.3,15-20
2024-04-08,2024,5202.39,15.19,46,5006.8,5000.0,-0.14,34.0,30.64,10.95,15.84,15.19,0.65,15-20
2024-04-09,2024,5209.91,14.98,52,5007.7,5010.0,0.05,35.41,34.28,3.3,15.18,14.98,0.2,<15
2024-04-10,2024,5160.64,15.8,51,4949.0,4950.0,0.02,35.42,35.01,1.18,15.88,15.8,0.08,15-20
2024-04-11,2024,5199.06,14.91,50,5001.0,5000.0,-0.02,36.32,32.59,11.46,15.6,14.91,0.69,<15
2024-04-12,2024,5123.41,17.31,49,4895.8,4895.0,-0.02,42.7,37.1,15.09,18.36,17.31,1.05,15-20
2024-04-15,2024,5061.82,19.23,46,4817.1,4815.0,-0.04,39.43,39.3,0.32,19.26,19.23,0.03,15-20
2024-04-16,2024,5051.41,18.4,52,4807.2,4800.0,-0.15,40.51,39.02,3.81,18.68,18.4,0.28,15-20
2024-04-17,2024,5022.21,18.21,51,4784.3,4790.0,0.12,44.89,40.86,9.87,18.96,18.21,0.75,15-20
2024-04-18,2024,5011.12,18.0,50,4778.7,4780.0,0.03,40.43,38.97,3.74,18.28,18.0,0.28,15-20
2024-04-19,2024,4967.23,18.71,49,4727.1,4750.0,0.48,45.03,44.25,1.75,18.85,18.71,0.14,15-20
2024-04-22,2024,5010.6,16.94,46,4799.0,4800.0,0.02,35.35,34.83,1.5,17.04,16.94,0.1,15-20
2024-04-23,2024,5070.55,15.69,52,4862.6,4860.0,-0.05,41.2,33.73,22.15,17.06,15.69,1.37,15-20
2024-04-24,2024,5071.63,15.97,51,4862.4,4870.0,0.16,37.3,36.5,2.2,16.12,15.97,0.15,15-20
2024-04-25,2024,5048.42,15.37,50,4850.0,4850.0,0.0,39.5,32.95,19.89,16.59,15.37,1.22,15-20
2024-04-26,2024,5099.96,15.03,49,4905.7,4910.0,0.09,36.6,33.08,10.65,15.69,15.03,0.66,15-20
2024-04-29,2024,5116.17,14.67,46,4931.3,4930.0,-0.03,36.15,30.22,19.62,15.81,14.67,1.14,<15
2024-04-30,2024,5035.69,15.65,52,4831.6,4830.0,-0.03,30.3,34.01,-10.92,14.94,15.65,-0.71,15-20
2024-05-01,2024,5018.39,15.39,51,4819.9,4820.0,0.0,25.27,33.28,-24.06,13.81,15.39,-1.58,15-20
2024-05-02,2024,5064.2,14.68,50,4875.0,4875.0,-0.0,34.9,31.54,10.65,15.31,14.68,0.63,<15
2024-05-03,2024,5127.79,13.49,49,4955.0,4955.0,-0.0,33.4,29.03,15.03,14.3,13.49,0.81,<15
2024-05-06,2024,5180.74,13.49,46,5010.0,5010.0,0.0,33.36,28.31,17.82,14.45,13.49,0.96,<15
2024-05-07,2024,5187.7,13.23,52,5012.9,5010.0,-0.06,33.22,29.11,14.13,13.97,13.23,0.74,<15
2024-05-08,2024,5187.67,13.0,51,5018.0,5025.0,0.14,34.87,30.52,14.26,13.77,13.0,0.77,<15
2024-05-09,2024,5214.08,12.69,50,5048.6,5050.0,0.03,33.64,28.27,18.99,13.66,12.69,0.97,<15
2024-05-10,2024,5222.68,12.55,49,5059.5,5060.0,0.01,31.4,27.36,14.76,13.29,12.55,0.74,<15
2024-05-13,2024,5221.42,13.6,46,5048.1,5050.0,0.04,30.95,29.25,5.81,13.92,13.6,0.32,<15
2024-05-14,2024,5246.68,13.42,52,5067.4,5065.0,-0.05,30.9,30.07,2.76,13.57,13.42,0.15,<15
2024-05-15,2024,5308.15,12.45,51,5142.3,5140.0,-0.04,31.42,27.77,13.13,13.1,12.45,0.65,<15
2024-05-16,2024,5297.1,12.42,50,5132.9,5135.0,0.04,27.65,28.21,-1.99,12.32,12.42,-0.1,<15
2024-05-17,2024,5303.27,11.99,49,5146.6,5145.0,-0.03,27.93,26.2,6.59,12.31,11.99,0.32,<15
2024-05-20,2024,5308.13,12.15,46,5152.6,5155.0,0.05,26.15,26.56,-1.55,12.07,12.15,-0.08,<15
2024-05-21,2024,5321.41,11.86,52,5162.9,5150.0,-0.25,28.02,24.57,14.05,12.49,11.86,0.63,<15
2024-05-22,2024,5307.01,12.29,51,5143.8,5150.0,0.12,35.37,29.26,20.9,13.34,12.29,1.05,<15
2024-05-23,2024,5267.84,12.77,50,5099.4,5100.0,0.01,32.04,28.56,12.19,13.4,12.77,0.63,<15
2024-05-24,2024,5304.72,11.93,49,5149.3,5150.0,0.01,29.77,26.64,11.74,12.49,11.93,0.56,<15
2024-05-28,2024,5306.04,12.92,52,5131.2,5130.0,-0.02,33.5,29.25,14.54,13.67,12.92,0.75,<15
2024-05-29,2024,5266.95,14.28,51,5074.1,5075.0,0.02,32.27,32.29,-0.08,14.28,14.28,-0.0,<15
2024-05-30,2024,5235.48,14.47,50,5043.8,5045.0,0.02,32.1,32.57,-1.43,14.38,14.47,-0.09,<15
2024-05-31,2024,5277.51,12.92,49,5107.4,5105.0,-0.05,36.16,27.93,29.45,14.4,12.92,1.48,<15
2024-06-03,2024,5283.4,13.11,46,5115.7,5115.0,-0.01,39.2,28.1,39.53,15.13,13.11,2.02,<15
2024-06-04,2024,5291.34,13.16,52,5113.1,5110.0,-0.06,32.15,29.28,9.79,13.67,13.16,0.51,<15
2024-06-05,2024,5354.03,12.63,51,5184.1,5180.0,-0.08,32.07,28.09,14.18,13.34,12.63,0.71,<15
2024-06-06,2024,5352.96,12.58,50,5184.4,5180.0,-0.08,31.98,27.47,16.42,13.39,12.58,0.81,<15
2024-06-07,2024,5346.99,12.22,49,5185.1,5190.0,0.09,30.85,28.24,9.25,12.68,12.22,0.46,<15
2024-06-10,2024,5360.79,12.74,51,5188.0,5190.0,0.04,30.8,29.47,4.52,12.97,12.74,0.23,<15
2024-06-11,2024,5375.32,12.85,50,5202.1,5200.0,-0.04,29.81,28.73,3.76,13.04,12.85,0.19,<15
2024-06-12,2024,5421.03,12.04,49,5259.6,5260.0,0.01,27.3,27.22,0.29,12.05,12.04,0.01,<15
2024-06-13,2024,5433.74,11.94,48,5274.5,5275.0,0.01,29.5,26.75,10.3,12.43,11.94,0.49,<15
2024-06-14,2024,5431.6,12.66,49,5260.5,5260.0,-0.01,31.8,28.56,11.35,13.24,12.66,0.58,<15
2024-06-17,2024,5473.23,12.75,46,5304.9,5300.0,-0.09,29.4,27.42,7.24,13.12,12.75,0.37,<15
2024-06-18,2024,5487.03,12.3,52,5315.6,5330.0,0.27,36.79,32.06,14.75,13.07,12.3,0.77,<15
2024-06-20,2024,5473.17,13.28,50,5290.1,5290.0,-0.0,33.2,30.7,8.15,13.72,13.28,0.44,<15
2024-06-21,2024,5464.62,13.2,49,5284.5,5280.0,-0.09,31.25,29.23,6.92,13.56,13.2,0.36,<15
2024-06-24,2024,5447.87,13.33,46,5271.0,5270.0,-0.02,28.4,29.26,-2.95,13.17,13.33,-0.16,<15
2024-06-25,2024,5469.3,12.84,52,5290.4,5290.0,-0.01,36.56,30.14,21.29,13.92,12.84,1.08,<15
2024-06-26,2024,5477.9,12.55,51,5304.0,5305.0,0.02,35.2,29.37,19.87,13.54,12.55,0.99,<15
2024-06-27,2024,5482.87,12.24,50,5315.5,5315.0,-0.01,33.05,28.16,17.37,13.08,12.24,0.84,<15
2024-06-28,2024,5460.48,12.44,49,5292.5,5295.0,0.05,29.54,28.97,1.96,12.54,12.44,0.1,<15
2024-07-01,2024,5475.09,12.22,46,5313.4,5315.0,0.03,34.2,27.32,25.17,13.44,12.22,1.22,<15
2024-07-02,2024,5509.01,12.03,52,5342.2,5340.0,-0.04,35.5,28.11,26.31,13.27,12.03,1.24,<15
2024-07-03,2024,5537.02,12.09,51,5369.4,5370.0,0.01,33.04,28.66,15.29,12.83,12.09,0.74,<15
2024-07-05,2024,5567.19,12.48,49,5395.9,5400.0,0.08,32.2,30.1,6.98,12.84,12.48,0.36,<15
2024-07-08,2024,5572.85,12.37,46,5406.9,5410.0,0.06,31.0,28.67,8.13,12.78,12.37,0.41,<15
2024-07-09,2024,5576.98,12.51,52,5400.0,5400.0,0.0,33.03,30.03,9.98,13.01,12.51,0.5,<15
2024-07-10,2024,5633.91,12.85,51,5451.0,5450.0,-0.02,32.0,30.68,4.31,13.07,12.85,0.22,<15
2024-07-11,2024,5584.54,12.92,50,5403.2,5405.0,0.03,33.62,30.8,9.14,13.4,12.92,0.48,<15
2024-07-12,2024,5615.35,12.46,49,5442.6,5445.0,0.04,26.86,29.87,-10.08,11.93,12.46,-0.53,<15
2024-07-15,2024,5631.22,13.12,46,5451.1,5450.0,-0.02,30.6,29.63,3.26,13.29,13.12,0.17,<15
2024-07-16,2024,5667.2,13.19,52,5476.3,5480.0,0.07,37.0,33.03,12.0,13.84,13.19,0.65,<15
2024-07-17,2024,5588.27,14.48,51,5380.9,5380.0,-0.02,35.2,34.45,2.18,14.61,14.48,0.13,<15
2024-07-18,2024,5544.59,15.93,50,5317.2,5320.0,0.05,37.5,37.97,-1.23,15.85,15.93,-0.08,15-20
2024-07-19,2024,5505.0,16.52,49,5273.8,5275.0,0.02,38.87,38.74,0.33,16.54,16.52,0.02,15-20
2024-07-22,2024,5564.41,14.91,46,5360.6,5360.0,-0.01,34.02,33.78,0.7,14.95,14.91,0.04,<15
2024-07-23,2024,5555.74,14.72,45,5356.4,5360.0,0.07,33.6,33.73,-0.37,14.7,14.72,-0.02,<15
2024-07-24,2024,5427.13,18.04,51,5172.7,5175.0,0.04,41.69,42.91,-2.84,17.83,18.04,-0.21,15-20
2024-07-25,2024,5399.22,18.46,50,5140.9,5150.0,0.18,43.0,44.55,-3.49,18.19,18.46,-0.27,15-20
2024-07-26,2024,5459.1,16.39,49,5229.9,5225.0,-0.09,41.32,36.41,13.49,17.27,16.39,0.88,15-20
2024-07-29,2024,5463.54,16.6,46,5236.8,5240.0,0.06,41.95,37.45,12.03,17.41,16.6,0.81,15-20
2024-07-30,2024,5436.44,17.69,52,5184.3,5185.0,0.01,40.79,42.07,-3.05,17.47,17.69,-0.22,15-20
2024-07-31,2024,5522.3,16.36,51,5287.7,5290.0,0.04,39.85,39.21,1.64,16.47,16.36,0.11,15-20
2024-08-01,2024,5446.68,18.59,50,5183.4,5185.0,0.03,47.5,43.4,9.44,19.31,18.59,0.72,15-20
2024-08-02,2024,5346.56,23.39,49,5022.8,5025.0,0.04,56.83,53.75,5.74,23.95,23.39,0.56,20-25
2024-08-05,2024,5186.33,38.57,46,4690.0,4690.0,0.0,57.75,84.3,-31.49,33.15,38.57,-5.42,≥30
2024-08-06,2024,5240.03,27.71,52,4856.2,4860.0,0.08,45.64,65.32,-30.13,24.01,27.71,-3.7,25-30
2024-08-07,2024,5199.5,27.85,51,4818.7,4820.0,0.03,56.17,63.68,-11.8,26.45,27.85,-1.4,25-30
2024-08-08,2024,5319.31,23.79,50,4989.5,4980.0,-0.19,61.1,52.52,16.34,25.34,23.79,1.55,20-25
2024-08-09,2024,5344.16,20.37,49,5062.3,5060.0,-0.05,50.5,45.44,11.14,21.29,20.37,0.92,20-25
2024-08-12,2024,5344.39,20.71,49,5057.3,5055.0,-0.05,45.65,46.15,-1.09,20.62,20.71,-0.09,20-25
2024-08-13,2024,5434.43,18.12,48,5183.7,5185.0,0.03,45.77,41.42,10.51,18.9,18.12,0.78,15-20
2024-08-14,2024,5455.21,16.19,47,5234.1,5230.0,-0.08,41.05,35.55,15.48,17.19,16.19,1.0,15-20
2024-08-15,2024,5543.22,15.23,50,5326.7,5325.0,-0.03,45.5,35.3,28.9,16.96,15.23,1.73,15-20
2024-08-16,2024,5554.25,14.8,49,5346.8,5350.0,0.06,40.8,35.27,15.67,15.74,14.8,0.94,<15
2024-08-19,2024,5608.25,14.65,46,5405.6,5410.0,0.08,40.41,34.27,17.92,15.72,14.65,1.07,<15
2024-08-20,2024,5597.12,15.88,45,5378.5,5380.0,0.03,37.49,36.09,3.88,16.13,15.88,0.25,15-20
2024-08-21,2024,5620.85,16.27,51,5384.8,5380.0,-0.09,41.18,38.43,7.15,16.74,16.27,0.47,15-20
2024-08-22,2024,5570.64,17.55,50,5317.7,5325.0,0.14,41.42,43.2,-4.11,17.25,17.55,-0.3,15-20
2024-08-23,2024,5634.61,15.86,49,5406.3,5400.0,-0.12,48.1,36.04,33.46,17.9,15.86,2.04,15-20
2024-08-26,2024,5616.84,16.15,46,5391.9,5390.0,-0.04,38.16,36.62,4.2,16.42,16.15,0.27,15-20
2024-08-27,2024,5625.8,15.43,52,5400.5,5400.0,-0.01,40.76,37.55,8.55,15.96,15.43,0.53,15-20
2024-08-28,2024,5592.18,17.11,51,5343.7,5345.0,0.02,34.7,41.51,-16.4,15.92,17.11,-1.19,15-20
2024-08-29,2024,5591.96,15.65,50,5368.1,5370.0,0.04,39.52,37.65,4.97,15.97,15.65,0.32,15-20
2024-08-30,2024,5648.4,15.0,49,5433.3,5435.0,0.03,47.83,35.81,33.58,16.99,15.0,1.99,<15
2024-09-03,2024,5528.93,20.72,45,5242.8,5245.0,0.04,51.7,46.87,10.3,21.59,20.72,0.87,20-25
2024-09-04,2024,5520.07,21.32,51,5210.1,5200.0,-0.19,41.53,48.63,-14.6,20.04,21.32,-1.28,20-25
2024-09-05,2024,5503.41,19.9,50,5218.6,5225.0,0.12,50.55,48.28,4.71,20.29,19.9,0.39,15-20
2024-09-06,2024,5408.42,22.38,49,5096.8,5100.0,0.06,51.72,52.53,-1.54,22.24,22.38,-0.14,20-25
2024-09-09,2024,5471.05,19.45,46,5203.9,5200.0,-0.08,46.75,42.75,9.37,20.18,19.45,0.73,15-20
2024-09-10,2024,5495.52,19.08,51,5221.8,5225.0,0.06,56.12,46.11,21.71,20.76,19.08,1.68,15-20
2024-09-11,2024,5554.13,17.69,50,5299.2,5300.0,0.02,46.64,41.85,11.44,18.51,17.69,0.82,15-20
2024-09-12,2024,5595.76,17.07,49,5352.6,5355.0,0.05,43.48,41.04,5.95,17.49,17.07,0.42,15-20
2024-09-13,2024,5626.02,16.56,49,5388.4,5380.0,-0.16,43.34,37.49,15.62,17.58,16.56,1.02,15-20
2024-09-16,2024,5633.09,17.14,50,5384.2,5380.0,-0.08,42.92,40.25,6.62,17.6,17.14,0.46,15-20
2024-09-17,2024,5634.58,17.61,49,5381.5,5375.0,-0.12,37.86,40.73,-7.04,17.1,17.61,-0.51,15-20
2024-09-18,2024,5618.26,18.23,49,5354.9,5350.0,-0.09,49.72,42.13,18.02,19.53,18.23,1.3,15-20
2024-09-19,2024,5713.64,16.33,48,5477.9,5475.0,-0.05,48.94,38.28,27.84,18.12,16.33,1.79,15-20
2024-09-20,2024,5702.55,16.15,47,5471.4,5475.0,0.07,49.61,38.62,28.45,17.99,16.15,1.84,15-20
2024-09-23,2024,5718.57,15.89,53,5481.2,5480.0,-0.02,52.2,39.77,31.25,17.85,15.89,1.96,15-20
2024-09-24,2024,5732.93,15.39,52,5503.4,5505.0,0.03,51.9,38.49,34.84,17.51,15.39,2.12,15-20
2024-09-25,2024,5722.26,15.41,51,5495.9,5495.0,-0.02,50.3,37.84,32.93,17.41,15.41,2.0,15-20
2024-09-26,2024,5745.37,15.37,50,5519.5,5520.0,0.01,57.61,37.59,53.26,18.54,15.37,3.17,15-20
2024-09-27,2024,5738.17,16.96,49,5488.8,5490.0,0.02,51.65,41.15,25.51,18.69,16.96,1.73,15-20
2024-09-30,2024,5762.48,16.73,46,5523.3,5525.0,0.03,55.97,39.87,40.38,19.4,16.73,2.67,15-20
2024-10-01,2024,5708.75,19.26,45,5435.6,5435.0,-0.01,61.6,44.45,38.57,22.19,19.26,2.93,15-20
2024-10-02,2024,5709.54,18.9,51,5428.0,5425.0,-0.05,57.72,46.06,25.31,20.8,18.9,1.9,15-20
2024-10-03,2024,5699.94,20.49,50,5396.6,5400.0,0.06,61.67,50.93,21.1,22.25,20.49,1.76,20-25
2024-10-04,2024,5751.07,19.21,49,5467.4,5475.0,0.14,67.77,48.6,39.44,22.27,19.21,3.06,15-20
2024-10-07,2024,5695.94,22.64,46,5370.5,5375.0,0.08,56.47,54.02,4.53,23.07,22.64,0.43,20-25
2024-10-08,2024,5751.13,21.42,52,5425.4,5420.0,-0.1,51.4,52.85,-2.75,21.18,21.42,-0.24,20-25
2024-10-09,2024,5792.04,20.86,51,5475.3,5475.0,-0.01,50.4,52.36,-3.74,20.54,20.86,-0.32,20-25
2024-10-10,2024,5780.05,20.93,50,5464.0,5460.0,-0.07,49.65,50.77,-2.21,20.74,20.93,-0.19,20-25
2024-10-11,2024,5815.03,20.46,49,5508.4,5510.0,0.03,47.43,50.89,-6.8,19.88,20.46,-0.58,20-25
2024-10-14,2024,5859.85,19.7,46,5570.9,5570.0,-0.02,45.8,47.33,-3.24,19.44,19.7,-0.26,15-20
2024-10-15,2024,5815.26,20.64,52,5497.2,5500.0,0.05,51.85,52.98,-2.13,20.46,20.64,-0.18,20-25
2024-10-16,2024,5842.47,19.58,51,5542.9,5540.0,-0.05,48.8,48.81,-0.02,19.58,19.58,-0.0,15-20
2024-10-17,2024,5841.47,19.11,50,5550.5,5550.0,-0.01,45.92,47.33,-2.98,18.88,19.11,-0.23,15-20
2024-10-18,2024,5864.67,18.03,49,5592.6,5590.0,-0.05,45.32,43.93,3.16,18.26,18.03,0.23,15-20
2024-10-21,2024,5853.98,18.37,46,5585.3,5590.0,0.08,45.32,45.14,0.41,18.4,18.37,0.03,15-20
2024-10-22,2024,5851.2,18.2,45,5586.9,5590.0,0.06,44.53,43.69,1.93,18.35,18.2,0.15,15-20
2024-10-23,2024,5797.42,19.24,51,5505.9,5500.0,-0.11,54.3,46.98,15.59,20.44,19.24,1.2,15-20
2024-10-24,2024,5809.86,19.08,50,5523.3,5525.0,0.03,58.76,48.0,22.42,20.81,19.08,1.73,15-20
2024-10-25,2024,5808.12,20.33,49,5504.7,5500.0,-0.08,52.06,49.3,5.6,20.79,20.33,0.46,20-25
2024-10-28,2024,5823.52,19.8,46,5533.5,5530.0,-0.06,46.6,46.43,0.37,19.83,19.8,0.03,15-20
2024-10-29,2024,5832.92,19.34,52,5536.7,5535.0,-0.03,52.52,49.16,6.84,19.88,19.34,0.54,15-20
2024-10-30,2024,5813.67,20.35,51,5504.3,5505.0,0.01,51.4,51.56,-0.31,20.32,20.35,-0.03,20-25
2024-10-31,2024,5705.45,23.16,50,5360.0,5360.0,-0.0,55.52,56.72,-2.12,22.96,23.16,-0.2,20-25
2024-11-01,2024,5728.8,21.88,49,5404.3,5400.0,-0.08,53.76,52.23,2.93,22.14,21.88,0.26,20-25
2024-11-04,2024,5712.69,21.98,46,5397.5,5395.0,-0.05,51.8,51.36,0.86,22.06,21.98,0.08,20-25
2024-11-05,2024,5782.76,20.49,52,5469.3,5470.0,0.01,58.86,51.93,13.35,21.6,20.49,1.11,20-25
2024-11-06,2024,5929.04,16.27,51,5680.1,5680.0,-0.0,42.15,41.62,1.28,16.36,16.27,0.09,15-20
2024-11-07,2024,5973.1,15.2,50,5741.2,5740.0,-0.02,39.25,38.29,2.51,15.36,15.2,0.16,15-20
2024-11-08,2024,5995.54,14.94,49,5768.7,5770.0,0.02,38.84,37.85,2.63,15.1,14.94,0.16,<15
2024-11-11,2024,6001.35,14.97,50,5772.8,5775.0,0.04,39.52,38.73,2.05,15.1,14.97,0.13,<15
2024-11-12,2024,5983.99,14.71,49,5761.9,5760.0,-0.03,38.05,36.6,3.96,14.95,14.71,0.24,<15
2024-11-13,2024,5985.38,14.02,48,5776.4,5775.0,-0.02,38.08,34.56,10.18,14.59,14.02,0.57,<15
2024-11-14,2024,5949.17,14.31,50,5732.8,5740.0,0.13,37.65,37.6,0.14,14.32,14.31,0.01,<15
2024-11-15,2024,5870.62,16.14,49,5629.8,5630.0,0.0,46.25,40.03,15.53,17.15,16.14,1.01,15-20
2024-11-18,2024,5893.62,15.58,51,5657.6,5700.0,0.75,44.98,49.59,-9.29,14.9,15.58,-0.68,15-20
2024-11-19,2024,5916.98,16.35,50,5668.5,5675.0,0.11,41.62,42.62,-2.34,16.19,16.35,-0.16,15-20
2024-11-20,2024,5917.11,17.16,49,5657.1,5650.0,-0.13,45.64,41.24,10.66,17.89,17.16,0.73,15-20
2024-11-21,2024,5948.71,16.87,48,5694.6,5700.0,0.1,38.87,43.07,-9.76,16.17,16.87,-0.7,15-20
2024-11-22,2024,5969.34,15.24,49,5739.1,5740.0,0.02,41.5,38.49,7.82,15.72,15.24,0.48,15-20
2024-11-25,2024,5987.37,14.6,51,5762.3,5750.0,-0.21,34.98,34.69,0.83,14.65,14.6,0.05,<15
2024-11-26,2024,6021.63,14.1,50,5807.0,5800.0,-0.12,37.77,34.62,9.1,14.61,14.1,0.51,<15
2024-11-27,2024,5998.74,14.1,49,5786.4,5800.0,0.24,38.03,38.54,-1.34,14.02,14.1,-0.08,<15
2024-11-29,2024,6032.38,13.51,49,5829.1,5830.0,0.01,35.3,34.47,2.4,13.64,13.51,0.13,<15
2024-12-02,2024,6047.15,13.34,51,5843.4,5850.0,0.11,37.8,36.11,4.67,13.6,13.34,0.26,<15
2024-12-03,2024,6049.88,13.3,50,5847.5,5900.0,0.9,46.63,46.7,-0.16,13.29,13.3,-0.01,<15
2024-12-04,2024,6086.49,13.45,49,5881.4,5875.0,-0.11,34.66,32.88,5.43,13.74,13.45,0.29,<15
2024-12-05,2024,6075.11,13.54,48,5870.4,5875.0,0.08,32.77,34.99,-6.34,13.18,13.54,-0.36,<15
2024-12-06,2024,6090.27,12.77,49,5897.0,5900.0,0.05,35.47,33.17,6.95,13.13,12.77,0.36,<15
2024-12-09,2024,6052.85,14.19,51,5834.1,5800.0,-0.59,29.95,30.15,-0.67,14.15,14.19,-0.04,<15
2024-12-10,2024,6034.91,14.18,50,5816.9,5850.0,0.57,39.72,43.63,-8.97,13.6,14.18,-0.58,<15
2024-12-11,2024,6084.19,13.58,49,5877.7,5875.0,-0.05,36.46,34.13,6.84,13.95,13.58,0.37,<15
2024-12-12,2024,6051.25,13.92,48,5841.5,5850.0,0.15,36.11,36.8,-1.89,13.81,13.92,-0.11,<15
2024-12-13,2024,6051.09,13.81,49,5841.3,5840.0,-0.02,43.85,34.72,26.3,15.24,13.81,1.43,<15
2024-12-16,2024,6074.08,14.69,51,5845.7,5900.0,0.93,47.64,51.41,-7.33,14.16,14.69,-0.53,<15
2024-12-17,2024,6050.61,15.87,50,5805.4,5800.0,-0.09,42.04,39.87,5.43,16.22,15.87,0.35,15-20
2024-12-18,2024,5872.16,27.62,49,5453.5,5500.0,0.85,33.38,80.94,-58.76,19.45,27.62,-8.17,25-30
2024-12-19,2024,5867.08,24.09,48,5506.1,5500.0,-0.11,51.2,58.68,-12.75,22.8,24.09,-1.29,20-25
2024-12-20,2024,5930.85,18.36,49,5649.9,5650.0,0.0,50.08,45.76,9.44,19.06,18.36,0.7,15-20
2024-12-23,2024,5974.07,16.78,46,5723.2,5725.0,0.03,43.0,41.01,4.85,17.11,16.78,0.33,15-20
2024-12-24,2024,6040.04,14.27,52,5818.8,5820.0,0.02,53.72,37.72,42.42,16.65,14.27,2.38,<15
2024-12-26,2024,6037.59,14.73,50,5810.6,5810.0,-0.01,42.52,37.48,13.44,15.52,14.73,0.79,<15
2024-12-27,2024,5970.84,15.95,49,5728.9,5725.0,-0.07,52.77,39.32,34.22,18.08,15.95,2.13,15-20
2024-12-30,2024,5906.94,17.4,46,5650.2,5650.0,-0.0,38.6,41.88,-7.84,16.83,17.4,-0.57,15-20
2024-12-31,2024,5881.63,17.35,52,5614.5,5610.0,-0.08,44.42,43.5,2.12,17.5,17.35,0.15,15-20
2025-01-02,2025,5868.55,17.93,50,5596.3,5595.0,-0.02,43.9,44.58,-1.53,17.82,17.93,-0.11,15-20
2025-01-03,2025,5942.47,16.13,49,5698.7,5700.0,0.02,42.04,40.7,3.3,16.35,16.13,0.22,15-20
2025-01-06,2025,5975.38,16.04,49,5730.3,5750.0,0.34,48.18,44.5,8.28,16.61,16.04,0.57,15-20
2025-01-07,2025,5909.03,17.82,48,5640.7,5650.0,0.16,35.27,45.91,-23.18,16.02,17.82,-1.8,15-20
2025-01-08,2025,5918.25,17.7,47,5655.3,5650.0,-0.09,42.43,42.36,0.16,17.71,17.7,0.01,15-20
2025-01-10,2025,5827.04,19.54,49,5534.0,5535.0,0.02,44.75,48.49,-7.71,18.91,19.54,-0.63,15-20
2025-01-13,2025,5836.22,19.19,49,5548.4,5550.0,0.03,48.6,47.85,1.57,19.31,19.19,0.12,15-20
2025-01-14,2025,5842.91,18.71,48,5563.3,5550.0,-0.24,48.38,42.71,13.26,19.68,18.71,0.97,15-20
2025-01-15,2025,5949.91,16.12,47,5708.8,5700.0,-0.15,43.68,37.46,16.59,17.16,16.12,1.04,15-20
2025-01-16,2025,5937.34,16.6,50,5683.7,5690.0,0.11,40.56,43.32,-6.37,16.15,16.6,-0.45,15-20
2025-01-17,2025,5996.66,15.97,49,5753.6,5755.0,0.02,40.84,40.74,0.26,15.99,15.97,0.02,15-20
2025-01-21,2025,6049.24,15.06,52,5812.9,5810.0,-0.05,42.2,38.78,8.81,15.59,15.06,0.53,15-20
2025-01-22,2025,6086.37,15.1,51,5850.1,5850.0,-0.0,42.0,39.42,6.54,15.5,15.1,0.4,15-20
2025-01-23,2025,6118.71,15.02,50,5884.2,5890.0,0.1,48.2,40.26,19.73,16.23,15.02,1.21,15-20
2025-01-24,2025,6101.24,14.85,49,5871.8,5870.0,-0.03,37.54,37.58,-0.11,14.84,14.85,-0.01,<15
2025-01-27,2025,6012.28,17.9,46,5742.2,5740.0,-0.04,49.3,43.29,13.89,18.9,17.9,1.0,15-20
2025-01-28,2025,6067.7,16.41,52,5807.0,5805.0,-0.03,48.3,42.65,13.25,17.28,16.41,0.87,15-20
2025-01-29,2025,6039.31,16.56,51,5779.8,5780.0,0.0,44.86,43.0,4.32,16.85,16.56,0.29,15-20
2025-01-30,2025,6071.17,15.84,50,5825.1,5825.0,-0.0,42.6,40.95,4.02,16.1,15.84,0.26,15-20
2025-01-31,2025,6040.53,16.43,49,5786.9,5785.0,-0.03,32.17,41.27,-22.06,14.9,16.43,-1.53,15-20
2025-02-03,2025,5994.57,18.62,46,5713.6,5715.0,0.02,58.13,45.69,27.24,20.64,18.62,2.02,15-20
2025-02-04,2025,6037.88,17.21,52,5766.6,5750.0,-0.29,45.67,41.89,9.03,17.82,17.21,0.61,15-20
2025-02-05,2025,6061.48,15.77,51,5814.3,5825.0,0.18,51.23,43.33,18.23,16.96,15.77,1.19,15-20
2025-02-06,2025,6083.57,15.5,50,5843.0,5850.0,0.12,46.46,41.74,11.31,16.22,15.5,0.72,15-20
2025-02-07,2025,6025.99,16.54,49,5771.5,5770.0,-0.03,45.27,41.62,8.77,17.13,16.54,0.59,15-20
2025-02-10,2025,6066.44,15.81,49,5823.5,5825.0,0.02,42.92,40.87,5.02,16.14,15.81,0.33,15-20
2025-02-11,2025,6068.5,16.02,48,5822.6,5825.0,0.04,42.4,40.89,3.68,16.26,16.02,0.24,15-20
2025-02-12,2025,6051.97,15.89,47,5811.1,5810.0,-0.02,49.8,39.3,26.71,17.57,15.89,1.68,15-20
2025-02-13,2025,6115.07,15.1,50,5879.2,5880.0,0.01,51.2,39.33,30.18,16.91,15.1,1.81,15-20
2025-02-14,2025,6114.63,14.77,49,5886.2,5890.0,0.06,42.91,38.69,10.9,15.43,14.77,0.66,<15
2025-02-18,2025,6129.58,15.35,52,5884.2,5890.0,0.1,47.92,41.79,14.67,16.27,15.35,0.92,15-20
2025-02-19,2025,6144.15,15.27,51,5902.6,5900.0,-0.04,44.0,39.7,10.83,15.93,15.27,0.66,15-20
2025-02-20,2025,6117.52,15.66,50,5872.6,5875.0,0.04,47.42,41.32,14.77,16.6,15.66,0.94,15-20
2025-02-21,2025,6013.13,18.21,49,5731.3,5730.0,-0.02,48.52,45.82,5.89,18.65,18.21,0.44,15-20
2025-02-24,2025,5983.25,18.98,46,5698.4,5700.0,0.03,48.88,46.82,4.39,19.32,18.98,0.34,15-20
2025-02-25,2025,5955.25,19.43,51,5652.8,5655.0,0.04,49.8,50.59,-1.56,19.3,19.43,-0.13,15-20
2025-02-26,2025,5956.06,19.1,50,5660.9,5660.0,-0.02,52.3,48.44,7.96,19.72,19.1,0.62,15-20
2025-02-27,2025,5861.57,21.13,49,5541.0,5540.0,-0.02,36.7,52.22,-29.72,18.41,21.13,-2.72,20-25
2025-02-28,2025,5954.5,19.63,48,5655.0,5655.0,-0.0,49.26,48.79,0.97,19.71,19.63,0.08,15-20
2025-03-03,2025,5849.72,22.78,45,5518.4,5520.0,0.03,55.2,54.97,0.42,22.82,22.78,0.04,20-25
2025-03-04,2025,5778.15,23.51,44,5442.4,5440.0,-0.04,51.4,54.33,-5.4,22.98,23.51,-0.53,20-25
2025-03-05,2025,5842.63,21.93,51,5506.0,5500.0,-0.11,65.26,54.3,20.18,23.7,21.93,1.77,20-25
2025-03-06,2025,5738.52,24.87,50,5365.9,5375.0,0.17,58.77,63.64,-7.66,24.05,24.87,-0.82,20-25
2025-03-07,2025,5770.2,23.37,49,5420.8,5420.0,-0.02,60.77,57.18,6.28,23.97,23.37,0.6,20-25
2025-03-10,2025,5614.56,27.86,51,5203.3,5200.0,-0.06,63.15,67.74,-6.78,27.07,27.86,-0.79,25-30
2025-03-11,2025,5572.07,26.92,50,5180.3,5180.0,-0.01,57.1,64.76,-11.83,25.57,26.92,-1.35,25-30
2025-03-12,2025,5599.3,24.23,49,5249.3,5250.0,0.01,59.03,58.31,1.24,24.36,24.23,0.13,20-25
2025-03-13,2025,5521.52,24.66,48,5171.0,5170.0,-0.02,49.52,57.05,-13.21,23.28,24.66,-1.38,20-25
2025-03-14,2025,5638.94,21.77,49,5322.3,5300.0,-0.42,54.5,47.54,14.64,23.0,21.77,1.23,20-25
2025-03-17,2025,5675.12,20.51,46,5381.4,5375.0,-0.12,48.68,46.17,5.44,20.96,20.51,0.45,20-25
2025-03-18,2025,5614.66,21.7,45,5310.3,5300.0,-0.19,51.21,47.24,8.39,22.43,21.7,0.73,20-25
2025-03-19,2025,5675.29,19.9,44,5395.4,5400.0,0.09,51.3,45.99,11.55,20.84,19.9,0.94,15-20
2025-03-20,2025,5662.89,19.8,43,5389.1,5390.0,0.02,48.25,44.62,8.13,20.46,19.8,0.66,15-20
2025-03-21,2025,5667.56,19.28,42,5404.7,5400.0,-0.09,49.4,41.96,17.73,20.64,19.28,1.36,15-20
2025-03-24,2025,5767.57,17.48,53,5500.0,5500.0,-0.0,52.61,44.05,19.43,18.84,17.48,1.36,15-20
2025-03-25,2025,5776.65,17.15,52,5517.2,5515.0,-0.04,51.07,42.61,19.85,18.51,17.15,1.36,15-20
2025-03-26,2025,5712.2,18.33,51,5438.9,5440.0,0.02,55.0,45.4,21.14,19.89,18.33,1.56,15-20
2025-03-27,2025,5693.31,18.69,50,5418.1,5420.0,0.04,46.5,46.01,1.07,18.77,18.69,0.08,15-20
2025-03-28,2025,5580.94,21.65,49,5267.6,5270.0,0.05,56.76,51.64,9.92,22.53,21.65,0.88,20-25
2025-03-31,2025,5611.85,22.28,46,5296.7,5295.0,-0.03,69.99,51.07,37.05,25.55,22.28,3.27,20-25
2025-04-01,2025,5633.07,21.77,45,5327.8,5330.0,0.04,57.09,50.54,12.97,22.93,21.77,1.16,20-25
2025-04-02,2025,5670.97,21.51,51,5349.8,5350.0,0.0,50.77,52.78,-3.81,21.17,21.51,-0.34,20-25
2025-04-03,2025,5396.52,30.02,50,4974.9,4950.0,-0.5,53.07,64.87,-18.19,27.76,30.02,-2.26,≥30
2025-04-04,2025,5074.08,45.31,49,4499.3,4500.0,0.02,67.78,101.82,-33.43,38.42,45.31,-6.89,≥30
2025-04-07,2025,5062.25,46.98,46,4488.8,4500.0,0.25,102.59,105.73,-2.97,46.36,46.98,-0.62,≥30
2025-04-08,2025,4982.77,52.33,52,4330.7,4325.0,-0.13,84.08,119.71,-29.76,45.23,52.33,-7.1,≥30
2025-04-09,2025,5456.9,33.62,51,4977.3,4975.0,-0.05,96.6,80.36,20.2,36.41,33.62,2.79,≥30
2025-04-10,2025,5268.05,40.72,50,4722.7,4725.0,0.05,111.4,96.02,16.02,43.48,40.72,2.76,≥30
2025-04-11,2025,5363.36,37.56,49,4850.1,4850.0,-0.0,89.75,87.77,2.26,37.92,37.56,0.36,≥30
2025-04-14,2025,5405.97,30.89,46,4988.9,4990.0,0.02,69.83,70.42,-0.84,30.78,30.89,-0.11,≥30
2025-04-15,2025,5396.63,30.12,52,4969.7,4975.0,0.11,71.3,74.07,-3.74,29.64,30.12,-0.48,≥30
2025-04-16,2025,5275.7,32.64,47,4842.9,4800.0,-0.89,73.63,63.84,15.33,34.57,32.64,1.93,≥30
2025-04-17,2025,5282.7,29.65,50,4875.1,4890.0,0.3,87.24,71.61,21.82,32.38,29.65,2.73,25-30
2025-04-21,2025,5158.2,33.82,46,4722.5,4700.0,-0.48,69.6,68.08,2.24,34.13,33.82,0.31,≥30
2025-04-22,2025,5287.76,30.57,45,4885.0,4890.0,0.1,69.27,67.68,2.35,30.87,30.57,0.3,≥30
2025-04-23,2025,5375.86,28.45,51,4974.2,4950.0,-0.49,56.94,61.71,-7.72,27.56,28.45,-0.89,25-30
2025-04-24,2025,5484.77,26.47,50,5107.2,5100.0,-0.14,72.8,61.47,18.44,28.44,26.47,1.97,25-30
2025-04-25,2025,5525.21,24.84,49,5169.1,5175.0,0.11,71.14,59.76,19.05,26.79,24.84,1.95,20-25
2025-04-28,2025,5528.75,25.15,46,5177.8,5175.0,-0.05,67.37,56.8,18.61,27.04,25.15,1.89,25-30
2025-04-29,2025,5560.83,24.17,52,5205.1,5205.0,-0.0,77.0,59.28,29.89,27.08,24.17,2.91,20-25
2025-04-30,2025,5569.06,24.7,51,5207.4,5205.0,-0.05,90.5,59.49,52.12,29.76,24.7,5.06,20-25
2025-05-01,2025,5604.14,24.6,50,5242.9,5245.0,0.04,66.24,59.63,11.09,25.72,24.6,1.12,20-25
2025-05-02,2025,5686.67,22.68,49,5353.5,5355.0,0.03,66.5,55.33,20.19,24.54,22.68,1.86,20-25
2025-05-05,2025,5650.38,23.64,46,5313.8,5310.0,-0.07,59.26,54.31,9.12,24.52,23.64,0.88,20-25
2025-05-06,2025,5606.91,24.76,52,5240.1,5250.0,0.19,75.68,63.73,18.75,26.7,24.76,1.94,20-25
2025-05-07,2025,5631.28,23.55,51,5282.1,5325.0,0.81,80.2,67.84,18.21,25.46,23.55,1.91,20-25
2025-05-08,2025,5663.94,22.48,50,5332.1,5330.0,-0.04,64.2,54.33,18.17,24.13,22.48,1.65,20-25
2025-05-09,2025,5659.91,21.9,49,5339.3,5330.0,-0.17,64.1,50.62,26.63,24.19,21.9,2.29,20-25
2025-05-12,2025,5844.19,18.39,49,5567.4,5560.0,-0.13,55.0,43.67,25.94,20.25,18.39,1.86,15-20
2025-05-13,2025,5886.55,18.22,48,5613.5,5615.0,0.03,48.98,45.16,8.45,18.85,18.22,0.63,15-20
2025-05-14,2025,5892.58,18.62,47,5616.4,5620.0,0.06,50.97,46.43,9.77,19.37,18.62,0.75,15-20
2025-05-15,2025,5916.93,17.83,46,5654.0,5655.0,0.02,51.95,43.5,19.44,19.23,17.83,1.4,15-20
2025-05-16,2025,5958.38,17.24,45,5705.3,5705.0,-0.0,49.6,41.59,19.26,18.57,17.24,1.33,15-20
2025-05-19,2025,5963.6,18.14,53,5678.2,5675.0,-0.06,61.27,47.14,29.97,20.29,18.14,2.15,15-20
2025-05-20,2025,5940.46,18.09,52,5659.1,5650.0,-0.16,58.82,45.08,30.48,20.24,18.09,2.15,15-20
2025-05-21,2025,5844.61,20.87,51,5525.0,5525.0,0.0,59.65,52.96,12.63,21.95,20.87,1.08,20-25
2025-05-22,2025,5842.01,20.28,50,5533.9,5540.0,0.11,67.57,52.12,29.64,22.72,20.28,2.44,20-25
2025-05-23,2025,5802.82,22.29,49,5468.5,5475.0,0.12,69.67,56.51,23.28,24.42,22.29,2.13,20-25
2025-05-27,2025,5921.54,18.96,52,5626.6,5625.0,-0.03,60.5,48.82,23.92,20.78,18.96,1.82,15-20
2025-05-28,2025,5888.55,19.31,51,5592.4,5590.0,-0.04,54.07,48.91,10.54,20.14,19.31,0.83,15-20
2025-05-29,2025,5912.17,19.18,50,5617.7,5620.0,0.04,58.8,48.95,20.12,20.74,19.18,1.56,15-20
2025-05-30,2025,5911.69,18.57,49,5628.8,5630.0,0.02,59.65,46.5,28.27,20.67,18.57,2.1,15-20
2025-06-02,2025,5935.94,18.36,46,5663.5,5665.0,0.03,62.58,44.99,39.1,21.2,18.36,2.84,15-20
2025-06-03,2025,5970.37,17.69,52,5693.4,5700.0,0.12,60.09,47.48,26.56,19.6,17.69,1.91,15-20
2025-06-04,2025,5970.81,17.61,51,5696.8,5700.0,0.06,57.53,45.95,25.2,19.4,17.61,1.79,15-20
2025-06-05,2025,5939.3,18.48,50,5655.1,5650.0,-0.09,46.37,45.8,1.25,18.57,18.48,0.09,15-20
2025-06-06,2025,6000.36,16.77,49,5742.5,5750.0,0.13,54.93,43.86,25.24,18.49,16.77,1.72,15-20
2025-06-09,2025,6005.88,17.16,46,5747.8,5750.0,0.04,48.39,42.31,14.36,18.16,17.16,1.0,15-20
2025-06-10,2025,6038.81,16.95,51,5773.4,5775.0,0.03,54.92,44.49,23.45,18.55,16.95,1.6,15-20
2025-06-11,2025,6022.24,17.26,50,5754.7,5755.0,0.01,47.4,44.5,6.52,17.72,17.26,0.46,15-20
2025-06-12,2025,6045.26,18.02,49,5764.8,5765.0,0.0,55.4,45.84,20.85,19.52,18.02,1.5,15-20
2025-06-13,2025,5976.97,20.82,49,5655.9,5650.0,-0.11,59.18,51.56,14.78,22.05,20.82,1.23,20-25
2025-06-16,2025,6033.11,19.11,46,5744.4,5740.0,-0.08,55.4,46.36,19.49,20.59,19.11,1.48,15-20
2025-06-17,2025,5982.72,21.6,52,5640.9,5650.0,0.16,61.9,58.75,5.36,22.09,21.6,0.49,20-25
2025-06-18,2025,5980.87,20.14,51,5665.5,5675.0,0.17,62.6,54.33,15.21,21.41,20.14,1.27,20-25
2025-06-20,2025,5967.84,20.62,49,5650.2,5650.0,-0.0,60.74,52.15,16.47,22.0,20.62,1.38,20-25
2025-06-23,2025,6025.17,19.83,46,5725.1,5725.0,-0.0,60.2,48.98,22.91,21.65,19.83,1.82,15-20
2025-06-24,2025,6092.18,17.48,52,5812.6,5815.0,0.04,56.52,46.8,20.78,18.95,17.48,1.47,15-20
2025-06-25,2025,6092.16,16.76,51,5827.4,5825.0,-0.04,53.4,43.45,22.9,18.29,16.76,1.53,15-20
2025-06-26,2025,6141.02,16.59,50,5880.1,5880.0,-0.0,52.28,43.6,19.9,17.92,16.59,1.33,15-20
2025-06-27,2025,6173.07,16.32,49,5916.9,5915.0,-0.03,51.25,42.14,21.61,17.72,16.32,1.4,15-20
2025-06-30,2025,6204.95,16.73,46,5947.4,5945.0,-0.04,52.79,42.02,25.64,18.43,16.73,1.7,15-20
2025-07-01,2025,6198.01,16.83,52,5925.6,5950.0,0.41,59.9,50.97,17.53,18.1,16.83,1.27,15-20
2025-07-02,2025,6227.42,16.64,51,5959.8,5950.0,-0.17,54.26,42.72,27.01,18.39,16.64,1.75,15-20
2025-07-03,2025,6279.35,16.38,50,6015.7,6010.0,-0.09,52.79,42.7,23.63,17.9,16.38,1.52,15-20
2025-07-07,2025,6229.98,17.79,46,5953.2,5950.0,-0.05,55.0,44.64,23.2,19.43,17.79,1.64,15-20
2025-07-08,2025,6225.52,16.81,52,5951.9,5950.0,-0.03,57.15,45.09,26.75,18.59,16.81,1.78,15-20
2025-07-09,2025,6263.26,15.94,51,6006.4,6005.0,-0.02,53.29,42.84,24.39,17.49,15.94,1.55,15-20
2025-07-10,2025,6280.46,15.78,50,6025.9,6025.0,-0.02,50.77,41.8,21.45,17.13,15.78,1.35,15-20
2025-07-11,2025,6259.75,16.4,49,5996.9,5995.0,-0.03,51.95,42.59,21.97,17.83,16.4,1.43,15-20
2025-07-14,2025,6268.56,17.2,46,5999.2,6000.0,0.01,52.6,44.09,19.3,18.53,17.2,1.33,15-20
2025-07-15,2025,6243.76,17.38,52,5960.2,5960.0,-0.0,54.75,47.37,15.59,18.48,17.38,1.1,15-20
2025-07-16,2025,6263.7,17.16,51,5985.4,5990.0,0.08,66.89,47.52,40.77,19.95,17.16,2.79,15-20
2025-07-17,2025,6297.36,16.52,50,6029.8,6020.0,-0.16,53.53,42.2,26.86,18.24,16.52,1.72,15-20
2025-07-18,2025,6296.79,16.41,49,6032.4,6030.0,-0.04,51.07,42.81,19.3,17.67,16.41,1.26,15-20
2025-07-21,2025,6305.6,16.65,46,6043.9,6040.0,-0.06,44.31,41.89,5.77,17.04,16.65,0.39,15-20
2025-07-22,2025,6309.62,16.5,45,6053.9,6050.0,-0.06,47.9,41.33,15.89,17.55,16.5,1.05,15-20
2025-07-23,2025,6358.91,15.37,51,6107.4,6100.0,-0.12,53.0,40.43,31.08,17.22,15.37,1.85,15-20
2025-07-24,2025,6363.35,15.39,50,6111.7,6100.0,-0.19,47.49,38.88,22.14,16.7,15.39,1.31,15-20
2025-07-25,2025,6388.64,14.93,49,6148.4,6150.0,0.03,50.75,40.63,24.92,16.42,14.93,1.49,<15
2025-07-28,2025,6389.77,15.03,46,6152.6,6150.0,-0.04,45.92,38.48,19.34,16.18,15.03,1.15,15-20
2025-07-29,2025,6370.86,15.98,52,6106.4,6105.0,-0.02,50.1,44.04,13.77,16.87,15.98,0.89,15-20
2025-07-30,2025,6362.9,15.48,51,6108.1,6110.0,0.03,60.0,42.5,41.18,17.98,15.48,2.5,15-20
2025-07-31,2025,6339.39,16.72,50,6067.0,6065.0,-0.03,54.7,44.8,22.11,18.19,16.72,1.47,15-20
2025-08-01,2025,6238.01,20.38,49,5909.1,5910.0,0.02,58.5,53.91,8.52,21.09,20.38,0.71,20-25
2025-08-04,2025,6329.94,17.52,46,6051.8,6050.0,-0.03,50.8,44.64,13.79,18.49,17.52,0.97,15-20
2025-08-05,2025,6299.19,17.85,52,6003.9,6000.0,-0.07,56.76,48.11,17.98,19.13,17.85,1.28,15-20
2025-08-06,2025,6345.06,16.77,51,6069.3,6075.0,0.09,57.66,47.11,22.41,18.3,16.77,1.53,15-20
2025-08-07,2025,6340.0,16.57,50,6070.7,6070.0,-0.01,49.8,44.77,11.23,17.32,16.57,0.75,15-20
2025-08-08,2025,6389.45,15.15,49,6144.5,6160.0,0.25,54.49,44.16,23.4,16.63,15.15,1.48,15-20
2025-08-11,2025,6373.45,16.25,50,6107.4,6105.0,-0.04,51.73,43.54,18.81,17.47,16.25,1.22,15-20
2025-08-12,2025,6445.76,14.73,49,6206.6,6205.0,-0.03,50.15,39.67,26.43,16.27,14.73,1.54,<15
2025-08-13,2025,6466.58,14.49,48,6232.9,6235.0,0.03,48.86,39.51,23.65,15.86,14.49,1.37,<15
2025-08-14,2025,6468.54,14.83,50,6223.8,6225.0,0.02,52.14,40.89,27.51,16.45,14.83,1.62,<15
2025-08-15,2025,6449.8,15.09,49,6204.2,6200.0,-0.07,51.28,40.17,27.65,16.73,15.09,1.64,15-20
2025-08-18,2025,6449.15,14.99,46,6209.8,6210.0,0.0,50.08,39.19,27.8,16.64,14.99,1.65,<15
2025-08-19,2025,6411.37,15.57,45,6167.2,6170.0,0.05,52.8,40.96,28.9,17.37,15.57,1.8,15-20
2025-08-20,2025,6395.78,15.69,51,6136.6,6125.0,-0.19,65.14,40.61,60.41,19.22,15.69,3.53,15-20
2025-08-21,2025,6370.17,16.6,50,6098.0,6100.0,0.03,52.1,45.42,14.7,17.59,16.6,0.99,15-20
2025-08-22,2025,6466.91,14.22,49,6236.4,6225.0,-0.18,47.1,36.39,29.44,15.82,14.22,1.6,<15
2025-08-25,2025,6439.32,14.79,46,6203.5,6200.0,-0.06,44.5,37.74,17.9,15.83,14.79,1.04,<15
2025-08-26,2025,6465.94,14.62,52,6222.8,6225.0,0.03,54.92,41.62,31.96,16.48,14.62,1.86,<15
2025-08-27,2025,6481.4,14.85,51,6234.5,6235.0,0.01,50.0,41.43,20.7,16.08,14.85,1.23,<15
2025-08-28,2025,6501.86,14.43,50,6263.8,6265.0,0.02,53.02,40.11,32.2,16.27,14.43,1.84,<15
2025-08-29,2025,6460.26,15.36,49,6207.9,6210.0,0.03,51.91,42.01,23.57,16.81,15.36,1.45,15-20
2025-09-02,2025,6415.54,17.17,45,6143.0,6145.0,0.03,53.8,44.83,20.0,18.55,17.17,1.38,15-20
2025-09-03,2025,6448.26,16.35,51,6174.3,6200.0,0.42,65.23,50.93,28.08,18.3,16.35,1.95,15-20
2025-09-04,2025,6502.08,15.3,50,6248.1,6250.0,0.03,59.55,42.71,39.43,17.68,15.3,2.38,15-20
2025-09-05,2025,6481.5,15.18,49,6231.5,6225.0,-0.1,59.14,39.81,48.56,17.98,15.18,2.8,15-20
2025-09-08,2025,6495.15,15.11,46,6252.5,6250.0,-0.04,49.81,39.32,26.66,16.69,15.11,1.58,15-20
2025-09-09,2025,6512.61,15.04,52,6258.2,6260.0,0.03,54.58,42.68,27.89,16.71,15.04,1.67,15-20
2025-09-10,2025,6532.04,15.35,51,6273.7,6275.0,0.02,54.75,43.3,26.46,16.97,15.35,1.62,15-20
2025-09-11,2025,6587.47,14.71,50,6339.8,6340.0,0.0,52.85,40.94,29.09,16.4,14.71,1.69,<15
2025-09-12,2025,6584.29,14.76,49,6338.3,6340.0,0.03,49.1,41.07,19.54,15.92,14.76,1.16,<15
2025-09-15,2025,6615.28,15.69,46,6356.9,6355.0,-0.03,50.6,41.59,21.66,17.03,15.69,1.34,15-20
2025-09-16,2025,6606.76,16.36,52,6324.5,6310.0,-0.23,52.1,43.84,18.83,17.55,16.36,1.19,15-20
2025-09-17,2025,6600.35,15.72,51,6332.9,6325.0,-0.12,53.65,42.96,24.88,17.25,15.72,1.53,15-20
2025-09-18,2025,6631.96,15.7,50,6366.4,6360.0,-0.1,52.3,43.13,21.27,17.02,15.7,1.32,15-20
2025-09-19,2025,6664.36,15.45,49,6404.0,6400.0,-0.06,53.28,42.62,25.0,16.97,15.45,1.52,15-20
2025-09-22,2025,6693.75,16.1,46,6425.7,6425.0,-0.01,51.48,43.65,17.93,17.25,16.1,1.15,15-20
2025-09-23,2025,6656.92,16.64,45,6383.9,6380.0,-0.06,54.25,43.88,23.64,18.19,16.64,1.55,15-20
2025-09-24,2025,6637.97,16.18,51,6359.2,6350.0,-0.15,57.77,44.03,31.21,18.13,16.18,1.95,15-20
2025-09-25,2025,6604.72,16.74,50,6320.9,6325.0,0.06,67.77,48.15,40.75,19.45,16.74,2.71,15-20
2025-09-26,2025,6643.7,15.29,49,6385.8,6375.0,-0.17,59.6,40.34,47.74,18.04,15.29,2.75,15-20
2025-09-29,2025,6661.21,16.12,46,6394.5,6400.0,0.09,52.89,44.92,17.73,17.28,16.12,1.16,15-20
2025-09-30,2025,6688.46,16.28,52,6404.3,6405.0,0.01,63.0,47.41,32.87,18.4,16.28,2.12,15-20
2025-10-01,2025,6711.2,16.29,51,6429.4,6430.0,0.01,55.8,47.4,17.73,17.46,16.29,1.17,15-20
2025-10-02,2025,6715.35,16.63,50,6426.8,6425.0,-0.03,53.4,46.9,13.87,17.55,16.63,0.92,15-20
2025-10-03,2025,6715.79,16.65,49,6430.5,6430.0,-0.01,54.1,47.03,15.02,17.66,16.65,1.01,15-20
2025-10-06,2025,6740.28,16.37,46,6467.1,6465.0,-0.03,54.75,44.76,22.32,17.82,16.37,1.45,15-20
2025-10-07,2025,6714.59,17.24,52,6411.3,6410.0,-0.02,50.41,50.07,0.68,17.29,17.24,0.05,15-20
2025-10-08,2025,6753.72,16.3,51,6468.5,6470.0,0.02,56.2,47.61,18.05,17.49,16.3,1.19,15-20
2025-10-09,2025,6735.11,16.43,50,6450.6,6450.0,-0.01,56.02,46.96,19.31,17.7,16.43,1.27,15-20
2025-10-10,2025,6552.51,21.66,49,6184.6,6180.0,-0.07,36.25,59.06,-38.62,18.0,21.66,-3.66,20-25
2025-10-13,2025,6654.72,19.03,46,6336.3,6335.0,-0.02,58.63,51.39,14.09,20.11,19.03,1.08,15-20
2025-10-14,2025,6644.31,20.81,52,6277.7,6290.0,0.2,69.7,63.07,10.52,21.72,20.81,0.91,20-25
2025-10-15,2025,6671.06,20.64,51,6309.5,6310.0,0.01,54.95,59.67,-7.91,19.96,20.64,-0.68,20-25
2025-10-16,2025,6629.07,25.31,50,6192.1,6190.0,-0.03,74.64,72.2,3.38,25.66,25.31,0.35,25-30
2025-10-17,2025,6664.01,20.78,49,6306.1,6310.0,0.06,79.8,59.53,34.04,23.62,20.78,2.84,20-25
2025-10-20,2025,6735.13,18.23,46,6429.3,6430.0,0.01,58.45,50.67,15.35,19.36,18.23,1.13,15-20
2025-10-21,2025,6735.35,17.87,52,6419.6,6400.0,-0.31,62.53,48.33,29.37,19.87,17.87,2.0,15-20
2025-10-22,2025,6699.4,18.6,51,6373.9,6375.0,0.02,68.97,54.01,27.69,20.66,18.6,2.06,15-20
2025-10-23,2025,6738.44,17.3,50,6439.0,6430.0,-0.14,56.7,48.05,18.01,18.53,17.3,1.23,15-20
2025-10-24,2025,6791.69,16.37,49,6508.2,6510.0,0.03,57.25,47.2,21.29,17.77,16.37,1.4,15-20
2025-10-27,2025,6875.16,15.79,46,6606.6,6610.0,0.05,58.97,45.06,30.87,17.74,15.79,1.95,15-20
2025-10-28,2025,6890.89,16.42,52,6594.8,6595.0,0.0,59.44,49.03,21.22,17.81,16.42,1.39,15-20
2025-10-29,2025,6890.59,16.92,51,6587.8,6590.0,0.03,64.39,50.64,27.15,18.76,16.92,1.84,15-20
2025-10-30,2025,6822.34,16.91,50,6525.9,6525.0,-0.01,65.37,49.11,33.11,19.12,16.91,2.21,15-20
2025-10-31,2025,6840.2,17.44,49,6534.6,6535.0,0.01,62.0,50.39,23.04,19.05,17.44,1.61,15-20
2025-11-03,2025,6851.97,17.17,46,6557.5,6560.0,0.04,60.0,48.33,24.14,18.83,17.17,1.66,15-20
2025-11-04,2025,6771.55,19.0,52,6431.0,6425.0,-0.09,64.21,54.5,17.81,20.35,19.0,1.35,15-20
2025-11-05,2025,6796.29,18.01,51,6477.7,6480.0,0.04,58.65,53.4,9.84,18.74,18.01,0.73,15-20
2025-11-06,2025,6720.32,19.5,50,6379.1,6375.0,-0.06,59.98,54.98,9.1,20.22,19.5,0.72,15-20
2025-11-07,2025,6728.8,19.08,49,6397.0,6400.0,0.05,65.0,54.67,18.9,20.54,19.08,1.46,15-20
2025-11-10,2025,6832.43,17.6,51,6518.8,6520.0,0.02,71.5,51.95,37.63,20.22,17.6,2.62,15-20
2025-11-11,2025,6846.61,17.28,50,6542.4,6540.0,-0.04,58.5,50.13,16.7,18.44,17.28,1.16,15-20
2025-11-12,2025,6850.92,17.51,49,6543.2,6540.0,-0.05,57.96,49.83,16.32,18.65,17.51,1.14,15-20
2025-11-13,2025,6737.49,20.0,48,6392.1,6390.0,-0.03,59.72,55.85,6.93,20.56,20.0,0.56,15-20
2025-11-14,2025,6734.11,19.83,49,6388.9,6400.0,0.17,59.92,58.82,1.87,19.99,19.83,0.16,15-20
2025-11-17,2025,6672.41,22.38,46,6294.5,6300.0,0.09,64.24,62.34,3.04,22.66,22.38,0.28,20-25
2025-11-18,2025,6617.32,24.69,51,6187.6,6150.0,-0.61,57.38,63.16,-9.15,23.79,24.69,-0.9,20-25
2025-11-19,2025,6642.16,23.66,50,6233.5,6225.0,-0.14,71.28,66.13,7.79,24.41,23.66,0.75,20-25
2025-11-20,2025,6538.76,26.42,49,6091.8,6100.0,0.14,73.8,75.84,-2.69,26.12,26.42,-0.3,25-30
2025-11-21,2025,6602.99,23.43,49,6203.2,6200.0,-0.05,65.77,65.34,0.66,23.49,23.43,0.06,20-25
2025-11-24,2025,6705.12,20.52,46,6358.1,6350.0,-0.13,61.62,54.5,13.06,21.59,20.52,1.07,20-25
2025-11-25,2025,6765.88,18.56,51,6438.8,6450.0,0.17,70.4,56.88,23.76,20.38,18.56,1.82,15-20
2025-11-26,2025,6812.61,17.19,50,6509.9,6500.0,-0.15,56.44,47.65,18.45,18.43,17.19,1.24,15-20
2025-11-28,2025,6849.09,16.35,49,6564.8,6565.0,0.0,62.18,47.45,31.03,18.37,16.35,2.02,15-20
2025-12-01,2025,6812.63,17.24,46,6519.9,6520.0,0.0,55.0,48.02,14.53,18.25,17.24,1.01,15-20
2025-12-02,2025,6829.37,16.59,51,6535.9,6550.0,0.22,59.54,51.92,14.67,17.61,16.59,1.02,15-20
2025-12-03,2025,6849.72,16.08,50,6567.1,6625.0,0.88,66.75,60.65,10.06,16.84,16.08,0.76,15-20
2025-12-04,2025,6857.12,15.78,49,6582.6,6575.0,-0.11,57.24,44.02,30.04,17.62,15.78,1.84,15-20
2025-12-05,2025,6870.4,15.41,49,6602.0,6600.0,-0.03,56.75,44.12,28.64,17.15,15.41,1.74,15-20
2025-12-08,2025,6846.51,16.66,46,6562.4,6570.0,0.12,50.7,48.13,5.34,17.03,16.66,0.37,15-20
2025-12-09,2025,6840.51,16.93,51,6539.9,6625.0,1.3,76.13,71.01,7.21,17.54,16.93,0.61,15-20
2025-12-10,2025,6886.68,15.77,50,6607.6,6650.0,0.64,79.3,55.79,42.13,18.68,15.77,2.91,15-20
2025-12-11,2025,6901.0,14.85,49,6641.5,6625.0,-0.25,62.82,39.52,58.95,18.06,14.85,3.21,<15
2025-12-12,2025,6827.41,15.74,49,6554.0,6550.0,-0.06,55.97,44.28,26.39,17.37,15.74,1.63,15-20
2025-12-15,2025,6816.51,16.5,46,6536.9,6535.0,-0.03,53.4,45.48,17.42,17.65,16.5,1.15,15-20
2025-12-16,2025,6800.26,16.48,51,6509.7,6500.0,-0.15,54.49,46.1,18.21,17.66,16.48,1.18,15-20
2025-12-17,2025,6721.43,17.62,50,6416.2,6425.0,0.14,53.48,52.61,1.66,17.74,17.62,0.12,15-20
2025-12-18,2025,6774.76,16.87,49,6483.7,6475.0,-0.13,51.35,46.52,10.39,17.57,16.87,0.7,15-20
2025-12-19,2025,6834.5,14.91,49,6577.5,6580.0,0.04,53.75,43.49,23.59,16.32,14.91,1.41,<15
2025-12-22,2025,6878.49,14.08,46,6640.0,6640.0,-0.0,49.92,39.12,27.62,15.61,14.08,1.53,<15
2025-12-23,2025,6909.79,14.0,52,6660.1,6675.0,0.22,57.3,44.88,27.68,15.6,14.0,1.6,<15
2025-12-24,2025,6932.05,13.47,47,6701.9,6700.0,-0.03,49.54,37.81,31.01,15.1,13.47,1.63,<15
2025-12-26,2025,6929.94,13.6,49,6693.1,6700.0,0.1,55.32,40.8,35.59,15.53,13.6,1.93,<15
2025-12-29,2025,6905.74,14.2,46,6664.6,6660.0,-0.07,51.28,38.76,32.3,15.98,14.2,1.78,<15
2025-12-30,2025,6896.24,14.33,52,6640.3,6640.0,-0.0,51.7,42.43,21.85,15.57,14.33,1.24,<15
2025-12-31,2025,6845.5,14.95,51,6581.4,6580.0,-0.02,51.5,43.34,18.82,16.07,14.95,1.12,<15
2026-01-02,2026,6858.47,14.51,49,6607.3,6605.0,-0.03,51.8,41.24,25.61,15.97,14.51,1.46,<15
2026-01-05,2026,6902.05,14.9,49,6642.5,6600.0,-0.64,44.7,34.88,28.16,16.38,14.9,1.48,<15
2026-01-06,2026,6944.82,14.75,48,6687.1,6675.0,-0.18,51.12,39.82,28.39,16.35,14.75,1.6,<15
2026-01-07,2026,6920.93,15.38,47,6655.7,6650.0,-0.08,45.3,42.65,6.21,15.76,15.38,0.38,15-20
2026-01-08,2026,6921.46,15.45,50,6647.7,6650.0,0.03,57.27,45.87,24.85,16.99,15.45,1.54,15-20
2026-01-09,2026,6966.28,14.49,49,6711.2,6715.0,0.06,61.88,43.07,43.68,16.98,14.49,2.49,<15
2026-01-12,2026,6977.27,15.12,49,6709.8,6700.0,-0.15,51.1,42.19,21.11,16.36,15.12,1.24,15-20
2026-01-13,2026,6963.74,15.98,48,6681.5,6675.0,-0.1,53.7,44.66,20.25,17.25,15.98,1.27,15-20
2026-01-14,2026,6926.6,16.75,47,6635.7,6625.0,-0.16,59.65,45.68,30.58,18.73,16.75,1.98,15-20
2026-01-15,2026,6944.47,15.84,50,6663.0,6650.0,-0.2,50.13,44.12,13.61,16.68,15.84,0.84,15-20
2026-01-16,2026,6940.01,15.86,49,6658.7,6650.0,-0.13,54.22,44.17,22.75,17.26,15.86,1.4,15-20
2026-01-20,2026,6796.86,20.09,52,6435.1,6425.0,-0.16,55.65,57.26,-2.81,19.86,20.09,-0.23,20-25
2026-01-21,2026,6875.62,16.9,51,6573.5,6570.0,-0.05,61.27,49.16,24.64,18.55,16.9,1.65,15-20
2026-01-22,2026,6913.35,15.64,50,6636.5,6625.0,-0.17,56.62,43.52,30.1,17.45,15.64,1.81,15-20
2026-01-23,2026,6915.61,16.09,49,6632.0,6625.0,-0.1,54.77,45.28,20.96,17.41,16.09,1.32,15-20
2026-01-26,2026,6950.23,16.15,46,6671.9,6670.0,-0.03,53.98,45.42,18.86,17.37,16.15,1.22,15-20
2026-01-27,2026,6978.6,16.35,52,6682.1,6680.0,-0.03,60.95,49.37,23.45,17.88,16.35,1.53,15-20
2026-01-28,2026,6978.03,16.35,51,6681.6,6680.0,-0.02,62.3,48.5,28.45,18.19,16.35,1.84,15-20
2026-01-29,2026,6969.01,16.88,50,6666.2,6665.0,-0.02,93.72,49.89,87.86,22.48,16.88,5.6,15-20
2026-01-30,2026,6939.03,17.44,49,6629.0,6630.0,0.01,71.1,51.24,38.75,20.11,17.44,2.67,15-20
2026-02-02,2026,6976.44,16.34,46,6693.7,6695.0,0.02,58.52,46.87,24.85,17.96,16.34,1.62,15-20
2026-02-03,2026,6917.81,18.0,52,6590.2,6590.0,-0.0,82.9,54.09,53.26,21.73,18.0,3.73,15-20
2026-02-04,2026,6882.72,18.64,51,6546.6,6550.0,0.05,86.45,55.9,54.64,22.63,18.64,3.99,15-20
2026-02-05,2026,6798.4,21.77,50,6413.3,6425.0,0.18,65.43,66.34,-1.37,21.64,21.77,-0.13,20-25
2026-02-06,2026,6932.3,20.37,49,6566.7,6575.0,0.13,64.38,61.44,4.79,20.78,20.37,0.41,20-25
2026-02-09,2026,6964.82,17.36,50,6651.9,6650.0,-0.03,64.08,50.94,25.8,19.13,17.36,1.77,15-20
2026-02-10,2026,6941.81,17.79,49,6626.6,6625.0,-0.02,59.05,52.09,13.35,18.75,17.79,0.96,15-20
2026-02-11,2026,6941.47,17.65,48,6629.6,6625.0,-0.07,63.31,50.06,26.46,19.49,17.65,1.84,15-20
2026-02-12,2026,6832.76,20.82,47,6472.4,6470.0,-0.04,42.74,58.71,-27.2,18.39,20.82,-2.43,20-25
2026-02-13,2026,6836.17,20.6,46,6482.3,6480.0,-0.04,68.35,57.38,19.12,22.18,20.6,1.58,20-25
2026-02-17,2026,6843.22,20.29,52,6475.7,6475.0,-0.01,71.1,60.42,17.67,21.74,20.29,1.45,20-25
2026-02-18,2026,6881.31,19.62,51,6528.5,6525.0,-0.05,66.28,57.76,14.74,20.79,19.62,1.17,15-20
2026-02-19,2026,6861.89,20.23,50,6500.0,6500.0,-0.0,75.65,59.27,27.63,22.46,20.23,2.23,20-25
2026-02-20,2026,6909.51,19.09,49,6568.8,6575.0,0.1,79.95,56.89,40.52,22.17,19.09,3.08,15-20
2026-02-23,2026,6837.75,21.01,46,6477.2,6475.0,-0.03,74.2,58.75,26.3,23.22,21.01,2.21,20-25
2026-02-24,2026,6890.07,19.55,52,6533.5,6535.0,0.02,71.1,58.9,20.71,21.18,19.55,1.63,15-20
2026-02-25,2026,6946.13,17.93,51,6620.5,6620.0,-0.01,67.4,53.36,26.3,19.81,17.93,1.88,15-20
2026-02-26,2026,6908.86,18.63,50,6574.9,6575.0,0.0,68.6,54.92,24.91,20.49,18.63,1.86,15-20
2026-02-27,2026,6878.88,19.86,49,6526.2,6525.0,-0.02,69.33,57.5,20.58,21.5,19.86,1.64,15-20
2026-03-02,2026,6881.62,21.44,46,6508.6,6510.0,0.02,70.8,60.62,16.79,22.9,21.44,1.46,20-25
2026-03-03,2026,6816.63,23.57,52,6390.6,6400.0,0.15,75.23,72.76,3.4,23.91,23.57,0.34,20-25
2026-03-04,2026,6869.5,21.15,51,6487.1,6475.0,-0.19,70.22,60.14,16.77,22.55,21.15,1.4,20-25
2026-03-05,2026,6830.71,23.75,50,6407.1,6400.0,-0.11,78.22,68.26,14.59,25.15,23.75,1.4,20-25
2026-03-06,2026,6740.02,29.49,49,6226.6,6250.0,0.38,90.1,90.92,-0.91,29.37,29.49,-0.12,25-30
2026-03-09,2026,6795.99,25.5,46,6358.0,6360.0,0.03,97.8,71.92,35.99,29.18,25.5,3.68,25-30
2026-03-10,2026,6781.48,24.93,51,6337.8,6340.0,0.04,81.64,74.49,9.59,25.92,24.93,0.99,20-25
2026-03-11,2026,6775.8,24.23,50,6345.7,6350.0,0.07,87.06,71.39,21.94,26.4,24.23,2.17,20-25
2026-03-12,2026,6672.62,27.29,49,6203.5,6200.0,-0.06,85.56,77.68,10.14,28.43,27.29,1.14,25-30
2026-03-13,2026,6632.19,27.19,49,6165.9,6150.0,-0.26,84.8,73.76,14.96,28.82,27.19,1.63,25-30
2026-03-16,2026,6699.38,23.51,46,6303.6,6300.0,-0.06,79.85,64.46,23.88,25.77,23.51,2.26,20-25
2026-03-17,2026,6716.09,22.37,52,6319.3,6325.0,0.09,80.7,67.49,19.57,24.17,22.37,1.8,20-25
2026-03-18,2026,6624.7,25.09,51,6188.0,6200.0,0.19,79.81,75.4,5.85,25.71,25.09,0.62,25-30
2026-03-19,2026,6606.49,24.06,50,6193.6,6200.0,0.1,85.02,70.41,20.75,26.12,24.06,2.06,20-25
2026-03-20,2026,6506.48,26.78,49,6055.3,6050.0,-0.09,97.15,73.35,32.45,30.25,26.78,3.47,25-30
2026-03-23,2026,6581.0,26.15,46,6147.2,6150.0,0.05,80.8,71.91,12.36,27.48,26.15,1.33,25-30
2026-03-24,2026,6556.37,26.95,52,6089.0,6090.0,0.02,79.91,78.54,1.74,27.15,26.95,0.2,25-30
2026-03-25,2026,6591.9,25.33,51,6154.2,6155.0,0.01,82.7,73.42,12.65,26.65,25.33,1.32,25-30
2026-03-26,2026,6477.16,27.44,50,6015.4,6015.0,-0.01,86.37,77.31,11.71,28.77,27.44,1.33,25-30
2026-03-27,2026,6368.85,31.05,49,5858.8,5860.0,0.02,91.05,85.43,6.58,31.9,31.05,0.85,≥30
2026-03-30,2026,6343.72,30.61,46,5857.4,5860.0,0.04,89.93,81.88,9.83,31.87,30.61,1.26,≥30
2026-03-31,2026,6528.52,25.25,52,6091.8,6100.0,0.13,84.08,74.64,12.65,26.58,25.25,1.33,25-30
2026-04-01,2026,6575.32,24.54,51,6151.5,6150.0,-0.02,79.08,70.16,12.71,25.82,24.54,1.28,20-25
2026-04-02,2026,6582.69,23.87,50,6171.3,6150.0,-0.34,77.43,62.78,23.34,26.03,23.87,2.16,20-25
2026-04-06,2026,6611.83,24.17,46,6208.3,6210.0,0.03,77.11,66.24,16.41,25.79,24.17,1.62,20-25
2026-04-07,2026,6616.85,25.78,52,6164.5,6160.0,-0.07,82.68,74.24,11.37,26.98,25.78,1.2,25-30
2026-04-08,2026,6782.81,21.04,51,6408.6,6400.0,-0.13,73.48,60.06,22.35,22.91,21.04,1.87,20-25
2026-04-09,2026,6824.66,19.49,50,6478.1,6480.0,0.03,71.82,57.08,25.83,21.51,19.49,2.02,15-20
2026-04-10,2026,6816.89,19.23,49,6480.7,6480.0,-0.01,71.65,55.6,28.86,21.45,19.23,2.22,15-20
2026-04-13,2026,6886.24,19.12,46,6556.7,6560.0,0.05,79.27,54.8,44.65,22.5,19.12,3.38,15-20
2026-04-14,2026,6967.38,18.36,52,6630.6,6625.0,-0.08,66.15,54.47,21.44,19.92,18.36,1.56,15-20
2026-04-15,2026,7022.95,18.17,51,6690.3,6690.0,-0.0,66.5,55.02,20.87,19.69,18.17,1.52,15-20
2026-04-16,2026,7041.28,17.94,50,6714.7,6720.0,0.08,76.06,55.09,38.08,20.67,17.94,2.73,15-20
2026-04-17,2026,7126.06,17.48,49,6805.9,6800.0,-0.09,60.8,51.05,19.11,18.8,17.48,1.32,15-20
2026-04-20,2026,7109.14,18.87,46,6772.4,6770.0,-0.04,64.9,54.3,19.53,20.34,18.87,1.47,15-20
2026-04-21,2026,7064.01,19.5,45,6722.5,6725.0,0.04,67.47,56.62,19.17,21.02,19.5,1.52,15-20
2026-04-22,2026,7137.9,18.92,51,6785.9,6775.0,-0.16,67.38,56.19,19.92,20.41,18.92,1.49,15-20
2026-04-23,2026,7108.4,19.31,50,6750.9,6750.0,-0.01,65.96,58.25,13.23,20.34,19.31,1.03,15-20
2026-04-24,2026,7165.08,18.71,49,6818.7,6825.0,0.09,70.86,57.69,22.83,20.44,18.71,1.73,15-20
2026-04-27,2026,7173.91,18.02,46,6851.6,6850.0,-0.02,66.8,52.71,26.72,19.94,18.02,1.92,15-20
2026-04-28,2026,7138.8,17.83,51,6807.7,6810.0,0.03,73.72,55.49,32.86,20.17,17.83,2.34,15-20
2026-04-29,2026,7135.95,18.81,50,6787.5,6790.0,0.04,70.68,57.81,22.26,20.5,18.81,1.69,15-20
2026-04-30,2026,7209.01,16.89,49,6899.2,6900.0,0.01,65.3,51.78,26.1,18.65,16.89,1.76,15-20
2026-05-01,2026,7230.12,16.99,48,6919.5,6920.0,0.01,64.5,51.52,25.19,18.7,16.99,1.71,15-20
2026-05-04,2026,7200.75,18.29,45,6873.8,6875.0,0.02,65.42,53.46,22.37,19.93,18.29,1.64,15-20
2026-05-05,2026,7259.22,17.38,52,6929.6,6940.0,0.15,72.4,57.44,26.05,19.23,17.38,1.85,15-20
