strategy_key,entry_date,exit_date,exit_reason,pnl,hold_dte,bp_used
StrategyName.BULL_CALL_DIAGONAL,2007-01-03,2007-02-07,roll_21dte,5951.79920191109,24,22000.0
StrategyName.BULL_CALL_DIAGONAL,2007-02-07,2007-02-27,trend_flip,-2909.447704141002,13,22000.0
StrategyName.IRON_CONDOR,2007-02-27,2007-03-09,profit_target,3665.38145039872,8,22500.0
StrategyName.IRON_CONDOR,2007-03-13,2007-04-17,roll_21dte,1041.8909846219458,24,22500.0
StrategyName.BULL_CALL_DIAGONAL,2007-04-17,2007-05-21,roll_21dte,8714.389679792794,24,22000.0
StrategyName.BULL_CALL_DIAGONAL,2007-05-21,2007-06-25,roll_21dte,-2492.116101258164,24,22000.0
StrategyName.IRON_CONDOR,2007-06-07,2007-07-11,profit_target,3735.9011754297535,23,22500.0
StrategyName.IRON_CONDOR,2007-07-11,2007-08-14,roll_21dte,-5355.353312468575,24,22500.0
StrategyName.IRON_CONDOR_HV,2007-08-20,2007-09-18,profit_target,1444.2114615182863,20,21000.0
StrategyName.IRON_CONDOR_HV,2007-08-21,2007-09-20,profit_target,1380.835892603369,21,21000.0
StrategyName.IRON_CONDOR,2007-10-22,2007-11-26,roll_21dte,-2637.0569038190483,24,22500.0
StrategyName.IRON_CONDOR_HV,2007-11-02,2007-12-06,profit_target,3854.6970533086096,23,21000.0
StrategyName.IRON_CONDOR_HV,2007-11-13,2007-12-06,profit_target,1480.8635688601153,16,21000.0
StrategyName.IRON_CONDOR_HV,2007-12-11,2007-12-26,profit_target,3213.8619195515607,10,21000.0
StrategyName.IRON_CONDOR,2007-12-06,2008-01-11,roll_21dte,-2704.207902490598,24,22500.0
StrategyName.IRON_CONDOR_HV,2007-12-12,2008-01-17,roll_21dte,-6052.254175144101,24,21000.0
StrategyName.IRON_CONDOR_HV,2007-12-31,2008-02-05,roll_21dte,-4503.264349946921,24,21000.0
StrategyName.IRON_CONDOR_HV,2008-01-24,2008-02-14,profit_target,1310.3828918546583,15,21000.0
StrategyName.BEAR_CALL_SPREAD_HV,2008-02-27,2008-03-07,profit_target,1834.3003370874687,7,21000.0
StrategyName.IRON_CONDOR_HV,2008-03-11,2008-04-08,profit_target,1476.5102591077928,19,21000.0
StrategyName.IRON_CONDOR_HV,2008-03-18,2008-04-09,profit_target,1346.5250909317892,15,21000.0
StrategyName.BULL_PUT_SPREAD,2008-04-10,2008-04-23,roll_21dte,3330.6076738807415,9,22500.0
StrategyName.IRON_CONDOR_HV,2008-04-11,2008-05-13,profit_target,3302.683013034267,22,21000.0
StrategyName.BEAR_CALL_SPREAD_HV,2008-04-14,2008-05-16,roll_21dte,-1104.4499003221881,24,21000.0
StrategyName.BULL_CALL_DIAGONAL,2008-05-13,2008-06-06,trend_flip,-2644.5006893771497,17,22000.0
StrategyName.BEAR_CALL_SPREAD_HV,2008-06-18,2008-06-27,profit_target,1892.940802810922,7,21000.0
StrategyName.IRON_CONDOR,2008-06-04,2008-07-09,roll_21dte,-6518.943655140697,24,22500.0
StrategyName.IRON_CONDOR_HV,2008-07-16,2008-08-06,profit_target,1352.6857697082582,15,21000.0
StrategyName.BEAR_CALL_SPREAD_HV,2008-07-21,2008-08-21,profit_target,1838.0997225505753,23,21000.0
StrategyName.IRON_CONDOR,2008-09-02,2008-10-06,roll_21dte,-11125.947845903474,24,22500.0
StrategyName.IRON_CONDOR_HV,2009-04-17,2009-05-18,profit_target,3101.4412450508858,21,21000.0
StrategyName.BULL_PUT_SPREAD_HV,2009-05-04,2009-05-22,roll_21dte,663.4351336764314,14,21000.0
StrategyName.BULL_PUT_SPREAD_HV,2009-05-22,2009-06-01,profit_target,3278.760061492735,5,21000.0
StrategyName.BULL_PUT_SPREAD_HV,2009-06-01,2009-06-19,roll_21dte,464.8605546994618,14,21000.0
StrategyName.BULL_PUT_SPREAD_HV,2009-10-21,2009-11-10,roll_21dte,1954.7039765000002,14,21000.0
StrategyName.BULL_PUT_SPREAD_HV,2009-11-10,2009-11-25,profit_target,2594.226378509737,11,21000.0
StrategyName.BULL_PUT_SPREAD_HV,2009-11-27,2009-12-14,profit_target,3004.6368226594586,11,21000.0
StrategyName.BULL_PUT_SPREAD_HV,2009-12-17,2009-12-24,profit_target,2812.6743508414297,5,21000.0
StrategyName.BULL_CALL_DIAGONAL,2010-01-11,2010-01-22,trend_flip,-3191.117274742697,8,22000.0
StrategyName.IRON_CONDOR_HV,2010-01-21,2010-02-19,profit_target,3467.528323471822,20,21000.0
StrategyName.BEAR_CALL_SPREAD_HV,2010-02-16,2010-03-22,roll_21dte,-1157.1090601235176,24,21000.0
StrategyName.BULL_CALL_DIAGONAL,2010-03-05,2010-04-09,roll_21dte,8807.208764772178,24,22000.0
StrategyName.BULL_CALL_DIAGONAL,2010-04-09,2010-05-06,trend_flip,-959.8475129975012,19,22000.0
StrategyName.IRON_CONDOR_HV,2010-05-10,2010-06-14,roll_21dte,1012.5685129675769,24,21000.0
StrategyName.IRON_CONDOR_HV,2010-05-11,2010-06-15,profit_target,1565.04506152851,24,21000.0
StrategyName.BEAR_CALL_SPREAD_HV,2010-06-17,2010-07-01,profit_target,1869.2238034159723,10,21000.0
StrategyName.IRON_CONDOR_HV,2010-06-14,2010-07-08,profit_target,1458.1491903980645,17,21000.0
StrategyName.IRON_CONDOR_HV,2010-06-15,2010-07-13,profit_target,1445.8224348739725,19,21000.0
StrategyName.IRON_CONDOR_HV,2010-07-08,2010-08-10,profit_target,1359.4354740328063,23,21000.0
StrategyName.BULL_PUT_SPREAD_HV,2010-08-09,2010-08-27,roll_21dte,-5392.194185006093,14,21000.0
StrategyName.IRON_CONDOR_HV,2010-08-11,2010-09-03,profit_target,3578.764344335131,17,21000.0
StrategyName.IRON_CONDOR_HV,2010-08-10,2010-09-13,profit_target,3669.4087483249355,23,21000.0
StrategyName.BEAR_CALL_SPREAD_HV,2010-08-27,2010-10-01,roll_21dte,-2680.0115877037097,24,21000.0
StrategyName.IRON_CONDOR_HV,2010-09-07,2010-10-11,roll_21dte,2309.468818040631,24,21000.0
StrategyName.IRON_CONDOR_HV,2010-09-21,2010-10-21,profit_target,3496.803486187903,22,21000.0
StrategyName.BULL_PUT_SPREAD,2010-11-29,2010-12-06,profit_target,4878.554189767582,5,22500.0
StrategyName.BULL_CALL_DIAGONAL,2010-12-07,2011-01-11,roll_21dte,7541.674936093164,24,22000.0
StrategyName.BULL_CALL_DIAGONAL,2011-01-11,2011-02-15,roll_21dte,7941.730497042601,24,22000.0
StrategyName.BULL_CALL_DIAGONAL,2011-02-15,2011-03-15,trend_flip,-2417.159080521306,19,22000.0
StrategyName.BULL_PUT_SPREAD,2011-03-07,2011-03-18,roll_21dte,-3573.5473038674554,9,22500.0
StrategyName.IRON_CONDOR_HV,2011-03-17,2011-03-24,profit_target,1492.9976336206212,5,21000.0
StrategyName.IRON_CONDOR_HV,2011-03-18,2011-04-04,profit_target,1319.9635021701104,11,21000.0
StrategyName.BULL_CALL_DIAGONAL,2011-03-30,2011-04-18,trend_flip,-3348.882825841225,13,22000.0
StrategyName.BULL_CALL_DIAGONAL,2011-04-20,2011-05-24,trend_flip,-921.6475382837292,23,22000.0
StrategyName.BULL_CALL_DIAGONAL,2011-05-31,2011-06-03,trend_flip,-4831.780767855478,3,22000.0
StrategyName.IRON_CONDOR,2011-06-06,2011-07-11,roll_21dte,3203.083916722974,24,22500.0
StrategyName.BULL_CALL_DIAGONAL,2011-07-01,2011-07-29,trend_flip,-1793.5678506387787,19,22000.0
StrategyName.IRON_CONDOR,2011-07-11,2011-08-10,stop_loss,-12043.688912088439,22,22500.0
StrategyName.IRON_CONDOR_HV,2011-08-15,2011-09-15,profit_target,1386.7307521216662,22,21000.0
StrategyName.IRON_CONDOR_HV,2011-08-16,2011-09-15,profit_target,1396.216315182961,21,21000.0
StrategyName.IRON_CONDOR_HV,2011-09-15,2011-10-12,profit_target,1297.0081188199515,19,21000.0
StrategyName.IRON_CONDOR_HV,2011-09-16,2011-10-13,profit_target,1295.5855848245217,19,21000.0
StrategyName.BULL_PUT_SPREAD_HV,2011-10-11,2011-10-21,roll_up,2615.251328797835,8,21000.0
StrategyName.BULL_PUT_SPREAD_HV,2011-10-24,2011-11-11,roll_21dte,1754.1696728085474,14,21000.0
StrategyName.BULL_PUT_SPREAD_HV,2011-11-11,2011-12-02,roll_21dte,1102.8671591956193,14,21000.0
StrategyName.IRON_CONDOR_HV,2011-11-17,2011-12-09,profit_target,3577.4473477163347,15,21000.0
StrategyName.IRON_CONDOR_HV,2011-11-18,2011-12-09,profit_target,1322.6565791545313,14,21000.0
StrategyName.BULL_PUT_SPREAD_HV,2011-12-08,2011-12-20,profit_target,2684.2800898019586,8,21000.0
StrategyName.IRON_CONDOR_HV,2011-12-09,2011-12-23,profit_target,3374.0556221696693,10,21000.0
StrategyName.BULL_PUT_SPREAD,2011-12-22,2012-01-06,roll_21dte,3467.0983653659946,9,22500.0
StrategyName.IRON_CONDOR_HV,2011-12-28,2012-02-02,roll_21dte,2966.0495096359855,24,21000.0
StrategyName.IRON_CONDOR_HV,2011-12-29,2012-02-02,profit_target,3405.404277073005,23,21000.0
StrategyName.BULL_PUT_SPREAD,2012-02-10,2012-02-23,profit_target,4268.272702516866,8,22500.0
StrategyName.BULL_CALL_DIAGONAL,2012-02-02,2012-03-08,roll_21dte,5847.793324927157,24,22000.0
StrategyName.BULL_PUT_SPREAD,2012-03-06,2012-03-13,profit_target,6274.053839149019,5,22500.0
StrategyName.BULL_CALL_DIAGONAL,2012-03-08,2012-04-10,trend_flip,122.87451984934856,22,22000.0
StrategyName.BULL_CALL_DIAGONAL,2012-04-12,2012-04-23,trend_flip,-1838.0622787440182,7,22000.0
StrategyName.BULL_CALL_DIAGONAL,2012-04-26,2012-05-04,trend_flip,-2640.4045290225067,6,22000.0
StrategyName.IRON_CONDOR,2012-04-11,2012-05-15,roll_21dte,1774.3559138683074,24,22500.0
StrategyName.IRON_CONDOR,2012-05-29,2012-06-20,profit_target,3891.2895326030907,16,22500.0
StrategyName.BULL_CALL_DIAGONAL,2012-06-29,2012-08-03,roll_21dte,4138.962338057852,24,22000.0
StrategyName.IRON_CONDOR,2012-07-24,2012-08-27,roll_21dte,2947.202691892109,24,22500.0
StrategyName.BULL_CALL_DIAGONAL,2012-08-03,2012-09-07,roll_21dte,6936.259520270932,24,22000.0
StrategyName.BULL_CALL_DIAGONAL,2012-09-07,2012-10-11,roll_21dte,-238.15389204524826,24,22000.0
StrategyName.BULL_CALL_DIAGONAL,2012-10-15,2012-10-23,trend_flip,-1934.089580978164,6,22000.0
StrategyName.IRON_CONDOR,2012-11-02,2012-11-28,profit_target,3681.990229595727,17,22500.0
StrategyName.BULL_CALL_DIAGONAL,2012-12-11,2012-12-28,trend_flip,-185.8413413628207,12,22000.0
StrategyName.IRON_CONDOR,2012-12-04,2013-01-08,profit_target,3732.9052191479304,23,22500.0
StrategyName.BULL_CALL_DIAGONAL,2013-01-08,2013-02-12,roll_21dte,9195.111074212458,24,22000.0
StrategyName.BULL_CALL_DIAGONAL,2013-02-12,2013-03-19,roll_21dte,5252.744597923929,24,22000.0
StrategyName.BULL_CALL_DIAGONAL,2013-03-19,2013-04-23,roll_21dte,4421.224671356374,24,22000.0
StrategyName.BULL_CALL_DIAGONAL,2013-04-23,2013-05-28,roll_21dte,10324.521731394443,24,22000.0
StrategyName.BULL_CALL_DIAGONAL,2013-05-28,2013-06-20,trend_flip,-5226.885552777723,17,22000.0
StrategyName.IRON_CONDOR,2013-06-05,2013-07-03,profit_target,3787.1219973331163,20,22500.0
StrategyName.IRON_CONDOR,2013-07-05,2013-08-08,roll_21dte,2475.719013942971,24,22500.0
StrategyName.BULL_CALL_DIAGONAL,2013-08-08,2013-08-19,trend_flip,-5298.833844512761,7,22000.0
StrategyName.IRON_CONDOR,2013-08-23,2013-09-27,roll_21dte,2621.3985258555754,24,22500.0
StrategyName.IRON_CONDOR,2013-09-30,2013-11-01,roll_21dte,2524.885972437862,24,22500.0
StrategyName.BULL_CALL_DIAGONAL,2013-11-01,2013-12-06,roll_21dte,6031.711635595636,24,22000.0
StrategyName.BULL_CALL_DIAGONAL,2013-12-06,2014-01-13,roll_21dte,1753.1012513308199,24,22000.0
StrategyName.BULL_CALL_DIAGONAL,2014-01-13,2014-01-24,trend_flip,-990.7131378237276,8,22000.0
StrategyName.IRON_CONDOR,2014-01-24,2014-02-12,profit_target,3852.7998570236464,13,22500.0
StrategyName.BULL_CALL_DIAGONAL,2014-02-13,2014-03-20,roll_21dte,5432.481020454614,24,22000.0
StrategyName.BULL_CALL_DIAGONAL,2014-03-20,2014-04-11,trend_flip,-4973.948933459436,16,22000.0
StrategyName.IRON_CONDOR,2014-04-07,2014-05-02,profit_target,3937.7311534439586,18,22500.0
StrategyName.BULL_CALL_DIAGONAL,2014-05-02,2014-06-06,roll_21dte,8509.009572862244,24,22000.0
StrategyName.BULL_CALL_DIAGONAL,2014-06-06,2014-07-11,roll_21dte,3173.589128028178,24,22000.0
StrategyName.BULL_CALL_DIAGONAL,2014-07-11,2014-07-31,trend_flip,-1640.3955756703099,14,22000.0
StrategyName.IRON_CONDOR,2014-07-31,2014-08-13,profit_target,3937.9332075835114,9,22500.0
StrategyName.IRON_CONDOR,2014-08-13,2014-09-17,roll_21dte,2694.0350568482645,24,22500.0
StrategyName.BULL_CALL_DIAGONAL,2014-09-17,2014-10-01,trend_flip,-3757.9769000305064,10,22000.0
StrategyName.IRON_CONDOR,2014-09-25,2014-10-28,profit_target,4332.760518802438,23,22500.0
StrategyName.IRON_CONDOR,2014-10-29,2014-12-03,roll_21dte,1936.6834741996784,24,22500.0
StrategyName.BULL_CALL_DIAGONAL,2014-12-03,2014-12-15,trend_flip,-3611.73191631921,8,22000.0
StrategyName.IRON_CONDOR,2014-12-12,2015-01-08,profit_target,3757.295666657698,17,22500.0
StrategyName.IRON_CONDOR,2015-01-09,2015-02-11,profit_target,3691.0527034044735,22,22500.0
StrategyName.BULL_CALL_DIAGONAL,2015-02-13,2015-03-10,trend_flip,-4270.117548032228,16,22000.0
StrategyName.IRON_CONDOR,2015-03-10,2015-04-02,profit_target,3694.7085020131944,17,22500.0
StrategyName.BULL_CALL_DIAGONAL,2015-04-09,2015-05-13,roll_21dte,1162.1579650629953,24,22000.0
StrategyName.IRON_CONDOR,2015-05-13,2015-06-11,profit_target,3824.088932350614,20,22500.0
StrategyName.IRON_CONDOR,2015-06-11,2015-07-16,profit_target,4376.681696897049,24,22500.0
StrategyName.BULL_CALL_DIAGONAL,2015-07-16,2015-07-24,trend_flip,-3985.414710418873,6,22000.0
StrategyName.IRON_CONDOR,2015-07-28,2015-08-31,roll_21dte,-7664.019004505639,24,22500.0
StrategyName.IRON_CONDOR_HV,2015-08-26,2015-09-10,profit_target,1398.0562855075082,10,21000.0
StrategyName.IRON_CONDOR_HV,2015-08-27,2015-09-15,profit_target,1360.6559351786866,12,21000.0
StrategyName.IRON_CONDOR_HV,2015-09-10,2015-10-02,profit_target,1588.3683044454185,16,21000.0
StrategyName.IRON_CONDOR,2015-09-16,2015-10-08,profit_target,4139.798296231553,16,22500.0
StrategyName.IRON_CONDOR_HV,2015-09-23,2015-10-15,profit_target,3356.1131728568826,16,21000.0
StrategyName.BULL_PUT_SPREAD,2015-10-16,2015-10-28,profit_target,4963.347856203902,8,22500.0
StrategyName.BULL_PUT_SPREAD,2015-10-30,2015-11-12,roll_21dte,-3496.712763168347,9,22500.0
StrategyName.IRON_CONDOR,2015-10-13,2015-11-16,roll_21dte,3068.6716149031236,24,22500.0
StrategyName.BULL_PUT_SPREAD,2015-11-25,2015-12-09,roll_21dte,-4454.733389395178,9,22500.0
StrategyName.IRON_CONDOR,2015-12-03,2016-01-08,roll_21dte,-4262.174022501402,24,22500.0
StrategyName.IRON_CONDOR,2016-01-29,2016-03-01,profit_target,4123.318266262372,21,22500.0
StrategyName.IRON_CONDOR_HV,2016-02-16,2016-03-10,profit_target,1381.011984642844,17,21000.0
StrategyName.IRON_CONDOR_HV,2016-02-17,2016-03-10,profit_target,1372.0219078155687,16,21000.0
StrategyName.BULL_PUT_SPREAD,2016-03-11,2016-03-24,roll_21dte,2875.9939187435252,9,22500.0
StrategyName.BULL_PUT_SPREAD,2016-03-28,2016-04-08,roll_21dte,1794.79126563058,9,22500.0
StrategyName.BULL_CALL_DIAGONAL,2016-03-24,2016-04-28,roll_21dte,4607.103292788711,24,22000.0
StrategyName.BULL_CALL_DIAGONAL,2016-05-02,2016-05-19,trend_flip,-3302.4360383376284,13,22000.0
StrategyName.IRON_CONDOR,2016-05-05,2016-06-03,profit_target,3828.297935747167,20,22500.0
StrategyName.BULL_CALL_DIAGONAL,2016-06-03,2016-06-24,trend_flip,708.0065498381416,15,22000.0
StrategyName.IRON_CONDOR,2016-06-13,2016-06-29,profit_target,3731.42352546583,12,22500.0
StrategyName.IRON_CONDOR,2016-06-29,2016-08-03,roll_21dte,3162.04579150095,24,22500.0
StrategyName.BULL_CALL_DIAGONAL,2016-08-03,2016-09-07,roll_21dte,2325.2353274607076,24,22000.0
StrategyName.BULL_CALL_DIAGONAL,2016-09-07,2016-09-13,trend_flip,-2461.061382592454,4,22000.0
StrategyName.IRON_CONDOR,2016-09-12,2016-09-28,profit_target,3740.1052828776287,12,22500.0
StrategyName.IRON_CONDOR,2016-10-03,2016-11-04,roll_21dte,-3662.1977667923707,24,22500.0
StrategyName.IRON_CONDOR,2016-11-07,2016-11-18,profit_target,3981.8081479101907,9,22500.0
StrategyName.BULL_CALL_DIAGONAL,2016-11-18,2016-12-23,roll_21dte,8668.92713706388,24,22000.0
StrategyName.BULL_CALL_DIAGONAL,2016-12-23,2017-01-31,roll_21dte,2017.113064724849,24,22000.0
StrategyName.BULL_CALL_DIAGONAL,2017-01-31,2017-03-07,roll_21dte,9288.252750443293,24,22000.0
StrategyName.BULL_CALL_DIAGONAL,2017-03-07,2017-04-10,roll_21dte,17.118803331102658,24,22000.0
StrategyName.BULL_CALL_DIAGONAL,2017-04-10,2017-04-13,trend_flip,-1568.7797635388183,3,22000.0
StrategyName.IRON_CONDOR,2017-04-11,2017-04-24,profit_target,4240.726853734117,8,22500.0
StrategyName.BULL_CALL_DIAGONAL,2017-04-24,2017-05-17,trend_flip,731.6507831238412,17,22000.0
StrategyName.IRON_CONDOR,2017-05-17,2017-05-24,profit_target,4066.780589545024,5,22500.0
StrategyName.BULL_CALL_DIAGONAL,2017-05-24,2017-06-28,roll_21dte,4530.323063267804,24,22000.0
StrategyName.BULL_CALL_DIAGONAL,2017-06-28,2017-08-02,roll_21dte,4604.511647752003,24,22000.0
StrategyName.BULL_CALL_DIAGONAL,2017-08-02,2017-08-10,trend_flip,-546.5994557435512,6,22000.0
StrategyName.IRON_CONDOR,2017-08-10,2017-08-22,profit_target,4261.810315421422,8,22500.0
StrategyName.IRON_CONDOR,2017-08-22,2017-09-21,profit_target,3855.0399180977543,21,22500.0
StrategyName.BULL_CALL_DIAGONAL,2017-09-21,2017-10-25,roll_21dte,7045.80964234554,24,22000.0
StrategyName.BULL_CALL_DIAGONAL,2017-10-25,2017-11-29,roll_21dte,7170.4719696759075,24,22000.0
StrategyName.BULL_CALL_DIAGONAL,2017-11-29,2018-01-04,roll_21dte,9685.848011336904,24,22000.0
StrategyName.BULL_CALL_DIAGONAL,2018-01-04,2018-02-05,profit_target,13595.953096249348,21,22000.0
StrategyName.IRON_CONDOR_HV,2018-02-07,2018-02-14,profit_target,1676.7514406898613,5,21000.0
StrategyName.IRON_CONDOR_HV,2018-02-08,2018-02-15,profit_target,1627.5893692478248,5,21000.0
StrategyName.IRON_CONDOR,2018-02-14,2018-03-09,profit_target,3674.805471483445,16,22500.0
StrategyName.IRON_CONDOR,2018-03-13,2018-04-17,roll_21dte,3123.550839391418,24,22500.0
StrategyName.IRON_CONDOR,2018-04-17,2018-05-10,profit_target,3918.9997139141688,17,22500.0
StrategyName.BULL_CALL_DIAGONAL,2018-05-10,2018-06-14,roll_21dte,5173.450733669347,24,22000.0
StrategyName.BULL_CALL_DIAGONAL,2018-06-14,2018-06-27,trend_flip,-3100.470658812621,9,22000.0
StrategyName.IRON_CONDOR,2018-06-25,2018-07-13,profit_target,3782.3948273405376,13,22500.0
StrategyName.BULL_CALL_DIAGONAL,2018-07-13,2018-08-16,roll_21dte,4102.82259157239,24,22000.0
StrategyName.BULL_CALL_DIAGONAL,2018-08-16,2018-09-20,roll_21dte,7297.1364879487555,24,22000.0
StrategyName.BULL_CALL_DIAGONAL,2018-09-20,2018-10-10,trend_flip,-3093.843343637899,14,22000.0
StrategyName.IRON_CONDOR,2018-10-08,2018-11-09,roll_21dte,9.097116547534245,24,22500.0
StrategyName.IRON_CONDOR,2018-11-09,2018-12-17,roll_21dte,-7288.299426830599,24,22500.0
StrategyName.IRON_CONDOR_HV,2018-12-26,2019-01-04,profit_target,1510.7698759402751,6,21000.0
StrategyName.IRON_CONDOR_HV,2018-12-27,2019-01-04,profit_target,1508.8363944176308,5,21000.0
StrategyName.IRON_CONDOR,2019-01-04,2019-02-08,roll_21dte,2003.6361387475602,24,22500.0
StrategyName.BULL_PUT_SPREAD,2019-01-31,2019-02-13,roll_21dte,3961.278369323084,9,22500.0
StrategyName.BULL_PUT_SPREAD,2019-02-13,2019-02-27,roll_21dte,3619.3700066798065,9,22500.0
StrategyName.BULL_PUT_SPREAD,2019-03-06,2019-03-15,profit_target,4701.754193163228,7,22500.0
StrategyName.BULL_CALL_DIAGONAL,2019-02-27,2019-04-02,roll_21dte,5847.647836033783,24,22000.0
StrategyName.BULL_CALL_DIAGONAL,2019-04-02,2019-05-07,roll_21dte,3954.336609148848,24,22000.0
StrategyName.IRON_CONDOR,2019-05-09,2019-05-22,profit_target,3642.418513605984,9,22500.0
StrategyName.IRON_CONDOR,2019-05-22,2019-06-26,roll_21dte,2646.369006169925,24,22500.0
StrategyName.BULL_PUT_SPREAD,2019-06-18,2019-07-01,roll_21dte,3943.6795900632183,9,22500.0
StrategyName.BULL_CALL_DIAGONAL,2019-07-01,2019-08-05,roll_21dte,-2103.1394616351204,24,22000.0
StrategyName.IRON_CONDOR,2019-08-06,2019-08-21,profit_target,3721.1593908464124,11,22500.0
StrategyName.BULL_PUT_SPREAD,2019-09-05,2019-09-18,roll_21dte,3673.9671205086643,9,22500.0
StrategyName.IRON_CONDOR,2019-08-21,2019-09-25,roll_21dte,3440.5307166405846,24,22500.0
StrategyName.IRON_CONDOR,2019-10-02,2019-10-14,profit_target,3665.884940291303,8,22500.0
StrategyName.BULL_CALL_DIAGONAL,2019-10-11,2019-11-14,roll_21dte,8571.07710754387,24,22000.0
StrategyName.BULL_CALL_DIAGONAL,2019-11-14,2019-12-19,roll_21dte,8099.505036112729,24,22000.0
StrategyName.BULL_CALL_DIAGONAL,2019-12-19,2020-01-27,roll_21dte,5200.783285582604,24,22000.0
StrategyName.IRON_CONDOR,2020-01-31,2020-03-06,roll_21dte,-7473.032302344646,24,22500.0
StrategyName.IRON_CONDOR_HV,2020-03-02,2020-04-03,roll_21dte,-2016.390341843295,24,21000.0
StrategyName.IRON_CONDOR_HV,2020-03-04,2020-04-07,roll_21dte,-1297.4615885770263,24,21000.0
StrategyName.BULL_PUT_SPREAD_HV,2020-04-27,2020-05-08,profit_target,2747.2849601001158,9,21000.0
StrategyName.BULL_PUT_SPREAD_HV,2020-05-08,2020-05-27,profit_target,2921.3066984163606,12,21000.0
StrategyName.BULL_PUT_SPREAD_HV,2020-05-27,2020-06-05,profit_target,3428.4576506492144,7,21000.0
StrategyName.BULL_PUT_SPREAD_HV,2020-06-05,2020-06-25,roll_21dte,-3162.6688523892267,14,21000.0
StrategyName.BULL_PUT_SPREAD_HV,2020-06-25,2020-07-06,profit_target,2788.268946932086,6,21000.0
StrategyName.BULL_PUT_SPREAD_HV,2020-07-07,2020-07-17,profit_target,2768.0227899909187,8,21000.0
StrategyName.IRON_CONDOR_HV,2020-06-26,2020-07-24,profit_target,3312.1754775179697,19,21000.0
StrategyName.IRON_CONDOR_HV,2020-07-02,2020-08-06,roll_21dte,2634.6515908986075,24,21000.0
StrategyName.BULL_PUT_SPREAD,2020-08-17,2020-08-27,roll_up,3158.5196098353445,8,22500.0
StrategyName.IRON_CONDOR_HV,2020-08-19,2020-09-23,roll_21dte,-12.53232282154915,24,21000.0
StrategyName.IRON_CONDOR_HV,2020-08-20,2020-09-24,roll_21dte,48.60471778827711,24,21000.0
StrategyName.BULL_PUT_SPREAD_HV,2020-11-06,2020-11-16,profit_target,2835.149548673805,6,21000.0
StrategyName.IRON_CONDOR_HV,2020-11-05,2020-11-25,profit_target,3456.6183853978737,14,21000.0
StrategyName.IRON_CONDOR_HV,2020-11-09,2020-11-27,profit_target,3237.129601872111,13,21000.0
StrategyName.BULL_PUT_SPREAD_HV,2020-11-16,2020-12-04,profit_target,2830.868928518378,13,21000.0
StrategyName.BULL_PUT_SPREAD_HV,2020-12-09,2020-12-30,roll_21dte,2282.5786048211767,14,21000.0
StrategyName.BULL_PUT_SPREAD_HV,2020-12-30,2021-01-20,profit_target,3194.5705862381146,13,21000.0
StrategyName.IRON_CONDOR_HV,2021-01-04,2021-02-03,profit_target,3627.121902263596,21,21000.0
StrategyName.IRON_CONDOR_HV,2021-01-29,2021-02-05,profit_target,1518.6746420663467,5,21000.0
StrategyName.BULL_PUT_SPREAD_HV,2021-01-25,2021-02-11,profit_target,2690.3148978611953,13,21000.0
StrategyName.BULL_PUT_SPREAD_HV,2021-02-18,2021-03-10,roll_21dte,1099.697428826707,14,21000.0
StrategyName.BULL_PUT_SPREAD_HV,2021-03-10,2021-03-17,profit_target,2518.8939210115277,5,21000.0
StrategyName.IRON_CONDOR_HV,2021-03-05,2021-03-22,profit_target,3339.762695310871,11,21000.0
StrategyName.IRON_CONDOR_HV,2021-03-08,2021-03-22,profit_target,3346.481650974497,10,21000.0
StrategyName.BULL_CALL_DIAGONAL,2021-04-01,2021-05-06,roll_21dte,8310.392208131656,24,22000.0
StrategyName.BULL_PUT_SPREAD_HV,2021-05-19,2021-05-26,profit_target,2939.115294210076,5,21000.0
StrategyName.BULL_CALL_DIAGONAL,2021-05-07,2021-06-11,roll_21dte,512.689661622105,24,22000.0
StrategyName.BULL_CALL_DIAGONAL,2021-06-11,2021-06-18,trend_flip,-1322.2603350470986,5,22000.0
StrategyName.BULL_CALL_DIAGONAL,2021-06-21,2021-07-26,roll_21dte,8324.846216112204,24,22000.0
StrategyName.BULL_PUT_SPREAD,2021-08-18,2021-08-25,profit_target,4702.585441822375,5,22500.0
StrategyName.BULL_CALL_DIAGONAL,2021-07-26,2021-08-27,roll_21dte,3814.618004433133,24,22000.0
StrategyName.BULL_CALL_DIAGONAL,2021-08-27,2021-09-20,trend_flip,-1529.0741669981767,15,22000.0
StrategyName.IRON_CONDOR,2021-09-14,2021-10-14,profit_target,4464.435191099369,22,22500.0
StrategyName.BULL_CALL_DIAGONAL,2021-10-18,2021-11-19,roll_21dte,8891.38070370697,24,22000.0
StrategyName.BULL_PUT_SPREAD,2021-11-22,2021-12-06,roll_21dte,-4008.864955985743,9,22500.0
StrategyName.IRON_CONDOR_HV,2021-12-02,2021-12-10,profit_target,1610.1211902006464,6,21000.0
StrategyName.BULL_PUT_SPREAD,2021-12-10,2021-12-23,roll_21dte,1731.1665033101146,9,22500.0
StrategyName.BULL_CALL_DIAGONAL,2021-11-19,2021-12-27,roll_21dte,3988.003240977029,24,22000.0
StrategyName.IRON_CONDOR_HV,2021-12-20,2022-01-12,profit_target,3482.765941238434,16,21000.0
StrategyName.BULL_CALL_DIAGONAL,2021-12-27,2022-01-18,trend_flip,-5124.130009706617,15,22000.0
StrategyName.IRON_CONDOR_HV,2022-01-28,2022-02-08,profit_target,1312.8107337138026,7,21000.0
StrategyName.IRON_CONDOR_HV,2022-01-31,2022-03-07,roll_21dte,-309.3155808884713,24,21000.0
StrategyName.IRON_CONDOR,2022-02-08,2022-03-15,roll_21dte,-2169.211306283488,24,22500.0
StrategyName.IRON_CONDOR_HV,2022-02-16,2022-03-18,profit_target,1514.8566254667778,21,21000.0
StrategyName.IRON_CONDOR_HV,2022-03-09,2022-03-21,profit_target,1302.104217179019,8,21000.0
StrategyName.BULL_PUT_SPREAD_HV,2022-03-22,2022-03-29,profit_target,2983.2787347360104,5,21000.0
StrategyName.IRON_CONDOR_HV,2022-03-18,2022-04-04,profit_target,1428.2187777391457,11,21000.0
StrategyName.IRON_CONDOR_HV,2022-03-21,2022-04-13,profit_target,1431.429155385163,17,21000.0
StrategyName.BULL_PUT_SPREAD,2022-04-04,2022-04-18,roll_21dte,-7381.946871575515,9,22500.0
StrategyName.BULL_PUT_SPREAD_HV,2022-04-06,2022-04-27,roll_21dte,-7424.303574192947,14,21000.0
StrategyName.IRON_CONDOR_HV,2022-04-21,2022-05-25,roll_21dte,-5040.79481839051,24,21000.0
StrategyName.IRON_CONDOR_HV,2022-04-22,2022-05-26,roll_21dte,1795.2787332527598,24,21000.0
StrategyName.BULL_PUT_SPREAD,2022-07-29,2022-08-11,roll_21dte,3620.8044205127107,9,22500.0
StrategyName.IRON_CONDOR_HV,2022-08-01,2022-09-02,roll_21dte,460.48170206758493,24,21000.0
StrategyName.IRON_CONDOR_HV,2022-08-02,2022-09-06,roll_21dte,762.2299376234035,24,21000.0
StrategyName.BEAR_CALL_SPREAD_HV,2022-09-14,2022-09-23,profit_target,1820.5366725691854,7,21000.0
StrategyName.IRON_CONDOR_HV,2022-09-07,2022-10-11,roll_21dte,-4491.580296714718,24,21000.0
StrategyName.IRON_CONDOR_HV,2022-09-08,2022-10-12,roll_21dte,-5707.588912222282,24,21000.0
StrategyName.BULL_PUT_SPREAD_HV,2022-11-28,2022-12-16,roll_21dte,-1359.7963698085198,14,21000.0
StrategyName.IRON_CONDOR_HV,2022-12-16,2023-01-18,profit_target,3445.780340367486,20,21000.0
StrategyName.BEAR_CALL_SPREAD_HV,2022-12-19,2023-01-25,roll_21dte,-413.20434176379405,24,21000.0
StrategyName.BULL_CALL_DIAGONAL,2023-02-01,2023-03-01,trend_flip,-5951.10870203738,19,22000.0
StrategyName.IRON_CONDOR_HV,2023-02-21,2023-03-21,profit_target,3332.2690244734054,20,21000.0
StrategyName.IRON_CONDOR_HV,2023-02-22,2023-03-27,profit_target,3756.260695267259,23,21000.0
StrategyName.BULL_CALL_DIAGONAL,2023-04-13,2023-05-17,roll_21dte,476.98218203539477,24,22000.0
StrategyName.BULL_CALL_DIAGONAL,2023-05-17,2023-06-22,roll_21dte,9972.324984082776,24,22000.0
StrategyName.BULL_CALL_DIAGONAL,2023-06-22,2023-07-27,roll_21dte,8291.180473301423,24,22000.0
StrategyName.BULL_CALL_DIAGONAL,2023-07-27,2023-08-16,trend_flip,-4863.6439931784835,14,22000.0
StrategyName.BULL_CALL_DIAGONAL,2023-08-29,2023-09-15,trend_flip,-2561.8188606126378,12,22000.0
StrategyName.IRON_CONDOR,2023-10-04,2023-11-01,profit_target,3764.2515852319398,20,22500.0
StrategyName.IRON_CONDOR,2023-11-03,2023-12-08,roll_21dte,-318.1498906808584,24,22500.0
StrategyName.BULL_CALL_DIAGONAL,2023-12-08,2024-01-16,roll_21dte,8433.394385781408,24,22000.0
StrategyName.BULL_CALL_DIAGONAL,2024-01-16,2024-02-20,roll_21dte,9258.050720232332,24,22000.0
StrategyName.BULL_PUT_SPREAD,2024-02-13,2024-02-22,profit_target,4732.3475134992805,6,22500.0
StrategyName.BULL_CALL_DIAGONAL,2024-02-22,2024-03-27,roll_21dte,6900.324141704997,24,22000.0
StrategyName.BULL_CALL_DIAGONAL,2024-03-27,2024-04-15,trend_flip,-3732.3585195532864,12,22000.0
StrategyName.IRON_CONDOR,2024-04-12,2024-05-03,profit_target,4384.345911657617,15,22500.0
StrategyName.IRON_CONDOR,2024-05-03,2024-06-07,roll_21dte,1035.8647857427054,24,22500.0
StrategyName.BULL_CALL_DIAGONAL,2024-06-07,2024-07-15,roll_21dte,10991.707715811835,24,22000.0
StrategyName.BULL_CALL_DIAGONAL,2024-07-15,2024-08-02,trend_flip,-3800.753216916054,14,22000.0
StrategyName.IRON_CONDOR_HV,2024-08-06,2024-08-13,profit_target,1517.244496716912,5,21000.0
StrategyName.IRON_CONDOR_HV,2024-08-07,2024-08-14,profit_target,1635.5501274402343,5,21000.0
StrategyName.IRON_CONDOR,2024-07-24,2024-08-16,profit_target,3777.3604557881413,17,22500.0
StrategyName.BULL_CALL_DIAGONAL,2024-08-16,2024-09-06,trend_flip,-1289.9322666427447,14,22000.0
StrategyName.IRON_CONDOR,2024-09-03,2024-09-24,profit_target,3579.8090479031325,15,22500.0
StrategyName.IRON_CONDOR,2024-11-04,2024-11-15,profit_target,3500.095025900343,9,22500.0
StrategyName.BULL_CALL_DIAGONAL,2024-11-25,2024-12-18,trend_flip,2357.73815862789,16,22000.0
StrategyName.IRON_CONDOR,2024-12-20,2025-01-17,profit_target,3741.606854084499,17,22500.0
StrategyName.BULL_PUT_SPREAD,2025-01-21,2025-02-03,roll_21dte,-2170.330783147909,9,22500.0
StrategyName.BULL_PUT_SPREAD,2025-02-06,2025-02-20,roll_21dte,1836.1562113912612,9,22500.0
StrategyName.IRON_CONDOR,2025-01-27,2025-03-03,roll_21dte,331.0150991391437,24,22500.0
StrategyName.BULL_PUT_SPREAD,2025-02-20,2025-03-05,roll_21dte,-9379.84780896749,9,22500.0
StrategyName.IRON_CONDOR,2025-03-05,2025-03-24,profit_target,3603.582972888598,13,22500.0
StrategyName.IRON_CONDOR_HV,2025-04-09,2025-04-24,profit_target,1464.9927717252979,10,21000.0
StrategyName.IRON_CONDOR_HV,2025-04-14,2025-04-29,profit_target,1351.3530118581048,10,21000.0
StrategyName.IRON_CONDOR,2025-03-26,2025-04-30,roll_21dte,-18.745619745018097,24,22500.0
StrategyName.BULL_PUT_SPREAD_HV,2025-05-02,2025-05-12,profit_target,3148.844720182548,6,21000.0
StrategyName.IRON_CONDOR_HV,2025-04-24,2025-05-29,roll_21dte,1206.5354236747153,24,21000.0
StrategyName.IRON_CONDOR_HV,2025-04-29,2025-06-03,roll_21dte,1099.69766208378,24,21000.0
StrategyName.BULL_PUT_SPREAD,2025-06-03,2025-06-16,roll_21dte,1965.8915569569363,9,22500.0
StrategyName.BULL_PUT_SPREAD,2025-07-07,2025-07-18,roll_21dte,3130.723981219288,9,22500.0
StrategyName.BULL_CALL_DIAGONAL,2025-06-25,2025-07-30,roll_21dte,8363.859795370257,24,22000.0
StrategyName.BULL_CALL_DIAGONAL,2025-07-30,2025-09-03,roll_21dte,3320.800656077996,24,22000.0
StrategyName.BULL_PUT_SPREAD,2025-09-02,2025-09-11,profit_target,5086.238359783774,7,22500.0
StrategyName.BULL_CALL_DIAGONAL,2025-09-03,2025-10-07,roll_21dte,8043.131813071119,24,22000.0
StrategyName.BULL_PUT_SPREAD,2025-09-25,2025-10-08,profit_target,4214.149401538303,9,22500.0
StrategyName.IRON_CONDOR,2025-10-10,2025-11-07,profit_target,3587.110624479564,20,22500.0
StrategyName.BULL_CALL_DIAGONAL,2025-10-08,2025-11-11,roll_21dte,3324.9222023115303,24,22000.0
StrategyName.IRON_CONDOR_HV,2025-11-17,2025-11-28,profit_target,3302.0524980561454,8,21000.0
StrategyName.IRON_CONDOR,2025-11-13,2025-12-03,profit_target,3753.150958509233,13,22500.0
StrategyName.BULL_CALL_DIAGONAL,2025-11-28,2025-12-17,trend_flip,-2918.170956035654,13,22000.0
StrategyName.BULL_PUT_SPREAD,2025-12-09,2025-12-22,roll_21dte,3168.2871026331804,9,22500.0
StrategyName.BULL_CALL_DIAGONAL,2026-01-07,2026-01-20,trend_flip,-1287.8688702131767,8,22000.0
StrategyName.IRON_CONDOR,2025-12-18,2026-01-22,profit_target,3744.7751701409525,22,22500.0
StrategyName.BULL_CALL_DIAGONAL,2026-01-22,2026-02-05,trend_flip,-472.639650874121,10,22000.0
StrategyName.BULL_PUT_SPREAD,2026-01-29,2026-02-11,roll_21dte,-18.034829263638482,9,22500.0
StrategyName.IRON_CONDOR,2026-02-05,2026-03-12,roll_21dte,1216.3287334987926,24,22500.0
StrategyName.IRON_CONDOR_HV,2026-03-09,2026-04-06,profit_target,1362.738916045069,19,21000.0
StrategyName.IRON_CONDOR_HV,2026-03-10,2026-04-08,profit_target,1824.831455413056,20,21000.0
StrategyName.BULL_PUT_SPREAD,2026-04-17,2026-04-30,roll_21dte,2938.4374384550797,9,22500.0
StrategyName.IRON_CONDOR,2026-04-08,2026-05-12,roll_21dte,-2398.212541727889,24,22500.0
StrategyName.BULL_PUT_SPREAD,2026-04-30,2026-05-13,profit_target,4588.205711726974,9,22500.0
StrategyName.BULL_PUT_SPREAD,2026-05-14,2026-05-28,roll_21dte,2910.9384064881147,9,22500.0
StrategyName.BULL_CALL_DIAGONAL,2026-05-22,2026-06-29,roll_21dte,-381.1079047512431,24,22000.0
StrategyName.BULL_PUT_SPREAD,2026-06-22,2026-07-06,roll_21dte,3042.065292265411,9,22500.0
StrategyName.BULL_PUT_SPREAD,2026-07-08,2026-07-21,roll_21dte,1488.0294704769778,9,22500.0
StrategyName.BULL_CALL_DIAGONAL,2026-06-30,2026-07-23,trend_flip,-1291.5429342309822,16,22000.0
StrategyName.IRON_CONDOR,2026-07-22,2026-08-21,profit_target,3783.0475210677128,22,22500.0
StrategyName.BULL_CALL_DIAGONAL,2026-08-03,2026-09-04,roll_21dte,3157.5403403700548,24,22000.0
StrategyName.BULL_CALL_DIAGONAL,2026-09-04,2026-09-14,open_at_end,-1317.6925766536374,5,22000.0
