date,year,vix_pre5,vix_day,vix_post1,vix_post5,vix_chg_pre_to_day_pct,vix_crush_day_to_post1_pct,vix_crush_day_to_post5_pct,abs_move_day_pct,abs_move_post1_pct
2000-02-02,2000,23.030000686645508,23.1200008392334,22.010000228881836,22.899999618530273,0.39079526662837427,-4.801040527939559,-0.9515623387426286,0.011355740261742575,1.1248137590027962
2000-03-21,2000,24.40999984741211,21.700000762939453,21.489999771118164,24.860000610351562,-11.10200369280201,-0.9677464720643791,14.562210766411333,2.556585413560186,0.45318665970788263
2000-05-16,2000,28.93000030517578,24.34000015258789,23.979999542236328,25.8700008392334,-15.865883526336177,-1.47904933481805,6.285951836704617,0.9419189353131463,1.2441672634015521
2000-06-28,2000,20.610000610351562,20.290000915527344,19.700000762939453,20.940000534057617,-1.55264282070664,-2.907836993424584,3.203546521443701,0.2943640217300425,0.8543965644911
2000-08-22,2000,17.979999542236328,17.469999313354492,17.3799991607666,16.889999389648438,-2.83648632851079,-0.5151697545808798,-3.3199767973813743,0.0900295838238141,0.5233167879129308
2000-10-03,2000,21.8799991607666,21.850000381469727,21.540000915527344,24.860000610351562,-0.1371059435443911,-1.4187618330903207,13.775744514103172,0.6802545319421149,0.5510133874628176
2000-11-15,2000,25.65999984741211,26.149999618530273,25.049999237060547,27.709999084472656,1.9095860250661012,-4.206502476161611,5.96558121873525,0.49604885672558385,1.258453426534023
2000-12-19,2000,24.8799991607666,27.170000076293945,31.739999771118164,28.139999389648438,9.204184054549568,16.820020912740375,3.5701115591855404,1.295796209004041,3.129594524787349
2001-01-31,2001,22.030000686645508,22.020000457763672,21.65999984741211,21.670000076293945,-0.04539368393164933,-1.63488012201487,-1.5894658228598035,0.5619714800495723,0.5461131971338906
2001-03-20,2001,27.549999237060547,30.959999084472656,31.93000030517578,27.040000915527344,12.37749525170564,3.1330789708892803,-12.66149316816778,2.4077401171648027,1.7923702154931664
2001-05-15,2001,24.440000534057617,23.709999084472656,21.889999389648438,21.350000381469727,-2.986912576240286,-7.676085048928205,-9.953600987477307,0.04162776179772454,2.845278724491007
2001-06-27,2001,21.709999084472656,20.8799991607666,20.010000228881836,20.09000015258789,-3.8231227946005975,-4.166661718643594,-3.7835203061842737,0.46764057257754343,1.2493089213528652
2001-08-21,2001,20.479999542236328,24.399999618530273,22.440000534057617,22.0,19.14062580035536,-8.03278325866923,-9.836064164147052,1.2079480285459132,0.6956128061277544
2001-10-02,2001,35.810001373291016,31.18000030517578,31.34000015258789,34.83000183105469,-12.929351830655145,0.5131489603787731,11.706226716338474,1.2305528501956209,1.9927210407669316
2001-11-06,2001,33.459999084472656,28.799999237060547,29.1299991607666,26.469999313354492,-13.927077032033196,1.145833098778004,-8.090277727187411,1.4526150690715944,0.27348699242971675
2001-12-11,2001,24.079999923706055,25.299999237060547,24.8700008392334,23.290000915527344,5.066442347258637,-1.6995984616365867,-7.9446576369412325,0.27809109295721113,0.027264903829737897
2002-01-30,2002,21.8799991607666,23.219999313354492,21.09000015258789,26.09000015258789,6.124315374703793,-9.173123271978644,12.360038432829668,1.1747648157926616,1.4933956271208082
2002-03-19,2002,19.59000015258789,18.15999984741211,18.459999084472656,18.1299991607666,-7.299644175790753,1.6519781915267817,-0.16520202036115483,0.4066741054269407,1.5756831948543715
2002-05-07,2002,21.90999984741211,21.940000534057617,20.389999389648438,19.350000381469727,0.13692691398650148,-7.064727013124283,-11.804922924078397,0.3020940634939073,3.750391687182497
2002-06-26,2002,26.059999465942383,28.420000076293945,26.290000915527344,29.420000076293945,9.056027086400476,-7.4947190536544195,3.5186488294000062,0.26737817448273526,1.7575200391014123
2002-08-13,2002,42.029998779296875,35.81999969482422,32.36000061035156,29.59000015258789,-14.775158850424653,-9.659405678254673,-17.392517016510546,2.1675111844325357,4.004701627960761
2002-09-24,2002,38.0099983215332,40.52000045776367,37.33000183105469,34.119998931884766,6.603531299838328,-7.872652000668423,-15.794672886418148,1.7284435610766313,2.4862985833457474
2002-11-06,2002,31.229999542236328,30.729999542236328,31.420000076293945,31.239999771118164,-1.6010246792472316,2.245364608968692,1.6596167799510564,0.9143638212398608,2.2852239898237703
2002-12-10,2002,28.329999923706055,28.760000228881836,27.760000228881836,26.65999984741211,1.51782670784959,-3.4770514326900592,-7.301809335038978,1.3957412788151657,0.05638893899515551
2003-01-29,2003,29.010000228881836,31.260000228881836,31.31999969482422,33.040000915527344,7.755946164246974,0.19193686981149316,5.694180017954453,0.6778959015503627,2.2849276151957754
2003-03-18,2003,33.61000061035156,30.43000030517578,31.540000915527344,28.75,-9.461470536826976,3.6477180388419628,-5.520868512413502,0.4242091671087467,0.8736807914557332
2003-05-06,2003,20.760000228881836,20.799999237060547,21.0,19.90999984741211,0.192673447676861,0.9615421647857669,-4.278843376410679,0.8461526046903867,0.5104955592922011
2003-06-25,2003,19.760000228881836,20.809999465942383,19.399999618530273,19.030000686645508,5.313761259606853,-6.775588099940677,-8.553574363180639,0.8266820663886509,1.076569733128574
2003-08-12,2003,22.68000030517578,17.940000534057617,18.770000457763672,17.860000610351562,-20.899469609074274,4.626532324401933,-0.44593044216570954,0.9953138889008173,0.638152819191351
2003-09-15,2003,18.260000228881836,19.280000686645508,18.030000686645508,19.649999618530273,5.585982721677829,-6.483402258724114,1.9190815285657692,0.37501421575130145,1.4298192533948706
2003-09-16,2003,18.850000381469727,18.030000686645508,18.149999618530273,19.469999313354492,-4.350130918990914,0.6655514548795649,7.986680931052681,1.4298192533948706,0.3254552287668133
2003-10-28,2003,16.549999237060547,16.81999969482422,16.43000030517578,16.549999237060547,1.6314227807277426,-2.31866466542473,-1.6052346174938115,1.5187254861686705,0.12609465506996376
2003-12-09,2003,16.270000457763672,17.6299991607666,17.8700008392334,15.930000305175781,8.358934632690618,1.3613255240583877,-9.642648533835207,0.8528939213256703,0.10658612929541622
2004-01-28,2004,14.34000015258789,16.780000686645508,17.139999389648438,17.8700008392334,17.01534524472985,2.145403386600786,6.4958290106351235,1.360960420859536,0.49890161812828904
2004-03-16,2004,16.600000381469727,20.34000015258789,18.110000610351562,20.670000076293945,22.53011858537701,-10.963616152935973,1.622418491791744,0.5622469187051893,1.1749391736585624
2004-05-04,2004,15.069999694824219,16.549999237060547,15.770000457763672,18.56999969482422,9.820833259503203,-4.712983777970314,12.205441395068274,0.184346939279334,0.17685502053459423
2004-06-30,2004,13.979999542236328,14.34000015258789,15.199999809265137,16.200000762939453,2.5751117463482798,5.997208141745003,12.97071541534045,0.4083801133464071,1.0430932269721027
2004-08-10,2004,16.030000686645508,17.469999313354492,18.040000915527344,17.020000457763672,8.983147629610766,3.262745418296209,-2.5758378550526317,1.2973910309109993,0.30119364271447013
2004-09-21,2004,13.5600004196167,13.65999984741211,14.739999771118164,13.829999923706055,0.7374588842250063,7.90629528382214,1.2445100892600092,0.6326945255019423,1.3937828348372427
2004-11-10,2004,14.039999961853027,13.079999923706055,13.039999961853027,13.210000038146973,-6.837607127886846,-0.30581010769374917,0.9938846727767014,0.10050184859853317,0.9089220987346991
2004-12-14,2004,13.670000076293945,12.729999542236328,12.350000381469727,11.550000190734863,-6.87637548508675,-2.9850681416430436,-9.269437501442123,0.3920938833781973,0.19444945161277705
2005-02-02,2005,13.4399995803833,11.65999984741211,11.789999961853027,12.0,-13.244046045724856,1.1149238091094027,2.915953319359188,0.3177968167360712,0.2765634073250145
2005-03-22,2005,13.149999618530273,14.270000457763672,14.0600004196167,13.640000343322754,8.517116895236665,-1.471619000773905,-4.414857002321703,1.0196208806246054,0.06998902345414226
2005-05-03,2005,14.90999984741211,14.529999732971191,13.850000381469727,14.90999984741211,-2.5486258774635284,-4.679968093587938,2.6152795693356268,0.085185362192719,1.2470163645930121
2005-06-30,2005,12.130000114440918,12.039999961853027,11.399999618530273,11.449999809265137,-0.7419633284318272,-5.315617486299839,-4.900333508780896,0.7100904033514155,0.26105155299391836
2005-08-09,2005,11.75,12.399999618530273,12.380000114440918,13.520000457763672,5.531911647066168,-0.1612863282630106,9.03226511039319,0.6744990284814678,0.18272182357014222
2005-09-20,2005,12.390000343322754,12.640000343322754,13.789999961853027,12.760000228881836,2.0177561991330473,9.0980980007471,0.9493661574342616,0.7863441339177824,0.9121141500479157
2005-11-01,2005,14.529999732971191,14.850000381469727,13.479999542236328,13.079999923706055,2.2023444898790823,-9.225594640003687,-11.91919469559295,0.3521097559766928,0.9977052697601962
2005-12-13,2005,11.520000457763672,11.109999656677246,10.479999542236328,11.1899995803833,-3.5590345902296705,-5.670568262009623,0.7200713427382821,0.5553660022141527,0.4189530229214977
2006-01-31,2006,13.3100004196167,12.949999809265137,12.359999656677246,13.59000015258789,-2.7047377836366016,-4.555985801372541,4.942087666015738,0.3976054579116317,0.18592626746127827
2006-03-28,2006,11.619999885559082,11.579999923706055,10.949999809265137,11.140000343322754,-0.3442337542768681,-5.440415531879328,-3.799650978257374,0.643818423116127,0.7469695510914587
2006-05-10,2006,11.989999771118164,11.779999732971191,12.489999771118164,16.260000228881836,-1.7514599012155685,6.0271651463602804,38.03056534349074,0.17281487519698047,1.2798073820219913
2006-06-29,2006,15.880000114440918,13.029999732971191,13.079999923706055,13.970000267028809,-17.94710554742377,0.3837313258598263,7.214125505152813,2.1565004106891994,0.20976564421778532
2006-08-08,2006,15.050000190734863,15.229999542236328,15.199999809265137,13.420000076293945,1.1960089649186711,-0.19697789804914434,-11.884435458601516,0.3362705657620202,0.43492853853949187
2006-09-20,2006,11.180000305175781,11.390000343322754,12.25,11.579999923706055,1.8783544938702157,7.550479637881757,1.6681262041812417,0.5722381666218412,0.5395511646919315
2006-10-25,2006,11.34000015258789,10.65999984741211,10.5600004196167,11.510000228881836,-5.99647527359688,-0.9380809495948217,7.9737372761415015,0.3513892900401272,0.49630199946197884
2006-12-12,2006,11.270000457763672,10.649999618530273,10.180000305175781,10.300000190734863,-5.501338190330706,-4.413139250603592,-3.286379721426802,0.10473733424651854,0.11688502615989638
2007-01-31,2007,9.890000343322754,10.420000076293945,10.3100004196167,10.319999694824219,5.358945546741278,-1.0556588855263227,-0.9596965521836531,0.6592883847806208,0.5353731800087358
2007-03-21,2007,17.270000457763672,12.1899995803833,12.930000305175781,14.979999542236328,-29.4151751171302,6.0705557856074455,22.887613272299223,1.7080881296924755,0.03484223341437831
2007-05-09,2007,13.079999923706055,12.880000114440918,13.600000381469727,13.5,-1.5290505384687236,5.590064135337647,4.813663664986656,0.32234005292746115,1.3956277330703482
2007-06-28,2007,14.210000038146973,15.539999961853027,16.229999542236328,14.720000267028809,9.359605349300825,4.440151750817778,-5.276703325850196,0.04182355225962331,0.15673572021088766
2007-08-07,2007,23.520000457763672,21.559999465942383,21.450000762939453,27.68000030517578,-8.333337388070994,-0.5101980785142901,28.385904410159934,0.6159366016551537,1.4071842031649018
2007-09-18,2007,25.270000457763672,20.350000381469727,20.030000686645508,18.600000381469727,-19.469726898174155,-1.5724800433694508,-8.599508438307025,2.920800742879237,0.6086407125825533
2007-10-31,2007,20.799999237060547,18.530000686645508,23.209999084472656,26.489999771118164,-10.913454969606217,25.2563314862692,42.957359900204395,1.1991995609034412,2.6423513500588247
2007-12-11,2007,23.790000915527344,23.59000015258789,22.469999313354492,22.639999389648438,-0.8406925399019882,-4.747778007583148,-4.027133348005663,2.5271074111842595,0.6050107439882435
2008-01-30,2008,29.020000457763672,27.6200008392334,26.200000762939453,28.969999313354492,-4.824257741028859,-5.14120214752809,4.887756817890687,0.47639947161109975,1.6772253672436177
2008-03-18,2008,26.360000610351562,25.790000915527344,29.84000015258789,26.079999923706055,-2.162366015273842,15.70375763198275,1.1244629619385327,4.240953758720556,2.428719849575589
2008-04-30,2008,20.260000228881836,20.790000915527344,18.8799991607666,19.729999542236328,2.615995462280196,-9.187117222944552,-5.0986114796144015,0.38463023648085404,1.7140713043443112
2008-06-25,2008,22.239999771118164,21.139999389648438,23.93000030517578,25.920000076293945,-4.946044931611171,13.197734134720541,22.611167571679868,0.5843407020038827,2.9365225496321257
2008-08-05,2008,22.030000686645508,21.139999389648438,20.229999542236328,21.170000076293945,-4.039951290317411,-4.3046351640752984,0.14191432124732728,2.8718741112345736,0.3354349438903892
2008-09-16,2008,25.469999313354492,30.299999237060547,36.220001220703125,35.720001220703125,18.963486666344664,19.53796083401118,17.88779577595918,1.7523287725070613,4.714070706031325
2008-10-29,2008,69.6500015258789,69.95999908447266,62.900001525878906,54.560001373291016,0.4450790406351546,-10.091477488542,-22.01257563280845,1.1079077098555157,2.5803953710955563
2008-12-16,2008,58.90999984741211,52.369998931884766,49.84000015258789,45.02000045776367,-11.10168211248882,-4.831007887908356,-14.034750093619241,5.136026454446818,0.9592862125632595
2009-01-28,2009,46.41999816894531,39.65999984741211,42.630001068115234,43.849998474121094,-14.562685454941704,7.488656661951354,10.564797384845148,3.3557607389604893,3.3120172199171183
2009-03-18,2009,43.61000061035156,40.060001373291016,43.68000030517578,42.25,-8.14033292221027,9.03644235593639,5.4667961848076985,2.085794038271138,1.2979162680767709
2009-04-29,2009,38.099998474121094,36.08000183105469,36.5,32.45000076293945,-5.301828671826492,1.1640746885545061,-10.060978059571024,2.1610040324914648,0.09500676204463598
2009-06-24,2009,31.540000915527344,29.049999237060547,26.360000610351562,26.219999313354492,-7.894741934648941,-9.259892245632894,-9.741824433839163,0.6524440861084724,2.1444277390130884
2009-08-12,2009,24.899999618530273,25.450000762939453,24.709999084472656,26.260000228881836,2.208839971225851,-2.907668590503132,3.1827090045589035,1.1525139291026054,0.68800100684554
2009-09-23,2009,23.690000534057617,23.489999771118164,24.950000762939453,25.610000610351562,-0.844241276617641,6.215415095986576,9.025120731759294,1.0068528001755062,0.951102950102567
2009-11-04,2009,27.90999984741211,27.719999313354492,25.43000030517578,23.040000915527344,-0.6807615015993473,-8.261179887820102,-16.883111521480064,0.10426203926459099,1.923555172748448
2009-12-16,2009,22.65999984741211,20.540000915527344,22.510000228881836,19.709999084472656,-9.355688200178347,9.591038099055083,-4.040904547512669,0.11282300681465518,1.1810614167124256
2010-01-27,2010,18.68000030517578,23.139999389648438,23.729999542236328,21.600000381469727,23.875797706688996,2.549698220181562,-6.655138499561164,0.48801522109449547,1.1817740959567224
2010-03-16,2010,17.920000076293945,17.690000534057617,16.90999984741211,16.350000381469727,-1.283479582907987,-4.409274522879825,-7.574901707934146,0.7779116301385613,0.5821675803744153
2010-04-28,2010,16.31999969482422,21.079999923706055,18.440000534057617,24.90999984741211,29.16666861453092,-12.52371631500605,18.168880159240096,0.6462752419523099,1.2943228020842135
2010-06-23,2010,25.920000076293945,26.90999984741211,29.739999771118164,34.540000915527344,3.819443550170365,10.516536379609875,28.35377596202031,0.29854738442266493,1.680350261882635
2010-08-10,2010,22.6299991607666,22.3700008392334,25.389999389648438,24.329999923706055,-1.148909991936542,13.500216527119857,8.761730044440274,0.5967405488298549,2.8178764954173263
2010-09-21,2010,21.559999465942383,22.350000381469727,22.510000228881836,22.600000381469727,3.6641972870884443,0.7158829739652539,1.118568213570481,0.2564020390809607,0.4825492514895946
2010-11-03,2010,20.709999084472656,19.559999465942383,18.520000457763672,18.469999313354492,-5.552871411725391,-5.316968489644102,-5.572598069267764,0.3678053944041082,1.928286287479275
2010-12-14,2010,17.989999771118164,17.610000610351562,17.940000534057617,16.489999771118164,-2.112279964431496,1.8739347658629502,-6.360027259596102,0.091095635360805,0.5122452280258649
2011-01-26,2011,17.309999465942383,16.639999389648438,16.149999618530273,17.299999237060547,-3.870595591941972,-2.9447102709810657,3.9663453823363115,0.42209071896761596,0.22443057531671418
2011-03-15,2011,19.81999969482422,24.31999969482422,29.399999618530273,20.209999084472656,22.704339401050166,20.88815784314002,-16.899673774363787,1.120034817237281,1.9494949042855536
2011-04-27,2011,15.829999923706055,15.350000381469727,14.619999885559082,17.079999923706055,-3.0322144317733724,-4.755703438235015,11.270355043930525,0.6249847099511818,0.35554240499382495
2011-06-22,2011,21.31999969482422,18.520000457763672,19.290000915527344,17.270000457763672,-13.133204864633708,4.157669755568949,-6.74945987636838,0.6468448774604507,0.2827986549257977
2011-08-09,2011,24.790000915527344,35.060001373291016,42.9900016784668,32.849998474121094,41.427995475913846,22.618368495606834,-6.303487771262661,4.74068481332115,4.415240397919251
2011-09-21,2011,34.599998474121094,37.31999969482422,41.349998474121094,41.08000183105469,7.861275551030844,10.798496281487857,10.075032601760526,2.939044252863232,3.1883121516435575
2011-11-02,2011,29.860000610351562,32.7400016784668,30.5,36.15999984741211,9.645013426814275,-6.84178852666355,10.44593156265674,1.6104667765514558,1.8781807530058758
2011-12-13,2011,28.1299991607666,25.40999984741211,26.040000915527344,23.219999313354492,-9.669389955574982,2.479343061386907,-8.618656226716425,0.868600976072853,1.134836742295231
2012-01-25,2012,20.889999389648438,18.309999465942383,18.56999969482422,18.549999237060547,-12.35040688887964,1.419990368462054,1.3107579362007904,0.8679141952454561,0.5753890884025226
2012-03-13,2012,20.8700008392334,14.800000190734863,15.3100004196167,15.579999923706055,-29.084812670862835,3.4459474480352137,5.27026839810103,1.8131549330308916,0.11962619960680376
2012-04-25,2012,18.639999389648438,16.81999969482422,16.239999771118164,16.8799991607666,-9.763947180357423,-3.44827547104255,0.3567150239654593,1.3644592157896263,0.6680165568110796
2012-06-20,2012,24.270000457763672,17.239999771118164,20.079999923706055,19.450000762939453,-28.965803683768364,16.473318969213025,12.819031445253625,0.16863570122068738,2.2261677039013494
2012-08-01,2012,19.34000015258789,18.959999084472656,17.56999969482422,15.319999694824219,-1.964845217772071,-7.331220763543078,-19.198309944167804,0.2899979813067777,0.7503669467536
2012-09-13,2012,15.600000381469727,14.050000190734863,14.510000228881836,14.069999694824219,-9.935898415592426,3.2740215793755967,0.1423452229028621,1.630974737217783,0.3958951318527193
2012-10-23,2012,15.220000267028809,18.829999923706055,18.329999923706055,16.690000534057617,23.718788392518064,-2.6553372385866303,-11.364840139772292,1.444390628760639,0.30853828766044256
2012-10-24,2012,15.069999694824219,18.329999923706055,18.1200008392334,17.59000015258789,21.632384173182693,-1.1456578578653787,-4.03709642224891,0.30853828766044256,0.2995542646406335
2012-12-12,2012,16.459999084472656,15.949999809265137,16.559999465942383,17.360000610351562,-3.098416182104291,3.8244493038984695,8.840130520047884,0.04482397633895907,0.6321425165448868
2013-01-30,2013,12.460000038146973,14.319999694824219,14.279999732971191,13.40999984741211,14.927766059251656,-0.27932934850189994,-6.354747673221095,0.38996213232838084,0.25633010773032927
2013-03-20,2013,11.829999923706055,12.670000076293945,13.989999771118164,13.149999618530273,7.100593051607884,10.41830849941341,3.788473080867827,0.6697492376419811,0.8282433828555424
2013-05-01,2013,13.609999656677246,14.489999771118164,13.59000015258789,12.65999984741211,6.465834949592941,-6.211177589693106,-12.629399258885133,0.9307883608932754,0.9407983261396247
2013-06-19,2013,18.59000015258789,16.639999389648438,20.489999771118164,17.209999084472656,-10.489514507443376,23.137022371916483,3.4254790608875263,1.3851474486292426,2.501035094286319
2013-07-31,2013,13.180000305175781,13.449999809265137,12.9399995803833,12.979999542236328,2.0485546118183873,-3.791823316833942,-3.4944258267204265,0.013640921141577778,1.254056989753427
2013-09-18,2013,13.819999694824219,13.59000015258789,13.15999984741211,14.010000228881836,-1.6642514277512288,-3.1640934536258825,3.090508252966906,1.2177672896303449,0.18429538196846895
2013-10-30,2013,13.420000076293945,13.649999618530273,13.75,12.670000076293945,1.7138564897821063,0.7326035477244419,-7.1794840265486215,0.4875923596155185,0.38393812241105385
2013-12-18,2013,15.420000076293945,13.800000190734863,14.149999618530273,12.329999923706055,-10.505835781736483,2.536227702593763,-10.65217570080722,1.664796429762072,0.057992920441085616
2014-01-29,2014,12.84000015258789,17.350000381469727,17.290000915527344,19.950000762939453,35.12461195705554,-0.34581823990311733,14.985592647286605,1.0209232261157553,1.1267044743841437
2014-03-19,2014,14.470000267028809,15.119999885559082,14.520000457763672,14.930000305175781,4.492049803284082,-3.9682502138671416,-1.2566109908821343,0.6131649335692324,0.6040504799839086
2014-04-30,2014,13.270000457763672,13.40999984741211,13.25,13.399999618530273,1.0550066678146175,-1.1931383238828808,-0.07457292315902198,0.2992016977140688,0.014326148142607131
2014-06-18,2014,11.600000381469727,10.609999656677246,10.619999885559082,11.59000015258789,-8.534488726172329,0.09425286715765147,9.236574247143302,0.7718881307192449,0.12774785766593855
2014-07-30,2014,11.520000457763672,13.329999923706055,16.950000762939453,16.3700008392334,15.7118002953079,27.156795648555065,22.805708424056405,0.006091277451791832,1.9999240340662028
2014-09-17,2014,12.880000114440918,12.649999618530273,12.029999732971191,13.270000457763672,-1.7857181200858108,-4.901185013878406,4.901192552806033,0.12956437010964716,0.48911800862372345
2014-10-29,2014,17.8700008392334,15.149999618530273,14.520000457763672,14.170000076293945,-15.221046966776807,-4.158410406796554,-6.468644006021429,0.13853554985293615,0.6230124240393486
2014-12-17,2014,18.530000686645508,19.440000534057617,16.809999465942383,14.369999885559082,4.910954202327367,-13.528811707117205,-26.080249532998845,2.0352415732846962,2.401520473971619
2015-01-28,2015,18.850000381469727,20.440000534057617,18.760000228881836,18.329999923706055,8.435013901383904,-8.21917936047274,-10.322898998147423,1.3495609366348305,0.9534685287099887
2015-03-18,2015,16.8700008392334,13.970000267028809,14.069999694824219,15.4399995803833,-17.190281137747533,0.7158155038223146,10.522543201548107,1.2158421402569175,0.4872579408787825
2015-04-29,2015,12.710000038146973,13.390000343322754,14.550000190734863,15.149999618530273,5.350120402320013,8.663180117023451,13.144131666024839,0.37403355807980043,1.0128906614839228
2015-06-17,2015,13.220000267028809,14.5,13.1899995803833,13.260000228881836,9.682297330685842,-9.034485652528957,-8.551722559435614,0.19796413026920145,0.9902710578908236
2015-07-29,2015,12.119999885559082,12.5,12.130000114440918,12.510000228881836,3.135314505189779,-2.959999084472653,0.08000183105467684,0.7318795346650031,0.002836730636679441
2015-09-17,2015,24.3700008392334,21.139999389648438,22.280000686645508,23.469999313354492,-13.254006312486311,5.392626915378673,11.021759654576812,0.2561059320011938,1.6164165744279924
2015-10-28,2015,16.700000762939453,14.329999923706055,14.609999656677246,15.510000228881836,-14.191621143472588,1.9539409243679584,8.234475306756362,1.184003327863703,0.04497742019048401
2015-12-16,2015,19.610000610351562,17.860000610351562,18.940000534057617,15.569999694824219,-8.924018080224972,6.047031840973682,-12.821953176194578,1.4514969430300617,1.5040520909943678
2016-01-27,2016,27.59000015258789,23.110000610351562,22.420000076293945,21.649999618530273,-16.23776555802633,-2.9857226994124297,-6.317615548514166,1.0863483795639506,0.5528577205787588
2016-03-16,2016,18.34000015258789,14.989999771118164,14.4399995803833,14.9399995803833,-18.266086987992857,-3.6691140702655,-0.33355698130963507,0.5600351545632654,0.6595236486620859
2016-04-27,2016,13.279999732971191,13.770000457763672,15.220000267028809,16.049999237060547,3.6897645681115643,10.530136245911393,16.557724789409043,0.1649352800310755,0.9230768513682652
2016-06-15,2016,14.079999923706055,20.139999389648438,19.3700008392334,21.170000076293945,43.039769167465344,-3.823230256952259,5.114204160179403,0.18407128700851372,0.31329906996742096
2016-07-27,2016,11.770000457763672,12.829999923706055,12.720000267028809,12.859999656677246,9.005942435993619,-0.8573628786544218,0.2338248881495364,0.11985421207814095,0.16062090221755643
2016-09-21,2016,18.139999389648438,13.300000190734863,12.020000457763672,12.390000343322754,-26.68136362604021,-9.624058004622238,-6.842104017758133,1.0917162352442444,0.6499784427785649
2016-11-02,2016,14.239999771118164,19.31999969482422,22.079999923706055,14.380000114440918,35.67415734099524,14.285715696057878,-25.56935641001441,0.652550029741239,0.4423400838946101
2016-12-14,2016,12.220000267028809,13.1899995803833,12.789999961853027,11.270000457763672,7.9378010814916244,-3.0325976592536774,-14.55647599470078,0.8117171853951111,0.38832279549072535
2017-02-01,2017,10.8100004196167,11.8100004196167,11.930000305175781,11.449999809265137,9.250693442946778,1.0160870558459933,-3.0482692426800684,0.029836348965073256,0.05703094032936118
2017-03-15,2017,11.859999656677246,11.630000114440918,11.210000038146973,12.8100004196167,-1.93928793334186,-3.611350577481365,10.146176212935544,0.8374752796581397,0.16267102694209612
2017-05-03,2017,10.850000381469727,10.680000305175781,10.460000038146973,10.210000038146973,-1.5668209245806253,-2.059927535041284,-4.400751438190831,0.12713605313821041,0.058210264389502164
2017-06-14,2017,10.390000343322754,10.640000343322754,10.899999618530273,10.75,2.406159689500531,2.4436021317488565,1.0338313263897447,0.09958307964025304,0.22395981461527104
2017-07-26,2017,9.789999961853027,9.600000381469727,10.109999656677246,10.279999732971191,-1.9407515947256204,5.31249223897885,7.083326296674164,0.02826639480466575,0.09726882691745153
2017-09-20,2017,10.5,9.779999732971191,9.670000076293945,9.869999885559082,-6.8571454002743675,-1.124740896529941,0.9202469841024019,0.06343478158390425,0.30459176984141134
2017-11-01,2017,11.229999542236328,10.199999809265137,9.930000305175781,9.779999732971191,-9.17185908242769,-2.6470540111589225,-4.1176478838013235,0.15921101716727115,0.018996581088659426
2017-12-13,2017,11.020000457763672,10.180000305175781,10.489999771118164,9.720000267028809,-7.622505605216235,3.045181303037592,-4.518664286415552,0.04729570906678582,0.4070859227173984
2018-01-31,2018,11.470000267028809,13.539999961853027,13.470000267028809,27.729999542236328,18.047076256611394,-0.5169844536294876,104.80058803812078,0.048898537308339485,0.06480882520516484
2018-03-21,2018,17.229999542236328,17.860000610351562,23.34000015258789,22.8700008392334,3.6564195290365253,30.683087093850105,28.051512081013396,0.18439898833508828,2.5162888405856454
2018-05-02,2018,17.84000015258789,15.970000267028809,15.899999618530273,13.420000076293945,-10.482062049129626,-0.43832590687588047,-15.967439875373824,0.7205863568357729,0.22536742393085563
2018-06-13,2018,11.640000343322754,12.9399995803833,12.119999885559082,12.789999961853027,11.168377995850198,-6.336937568895418,-1.15919338017344,0.4026127868587581,0.2471549778432225
2018-08-01,2018,12.289999961853027,13.149999618530273,12.1899995803833,10.850000381469727,6.997556219256329,-7.30038073000544,-17.490489002140443,0.10403515262938923,0.4926444803381669
2018-09-26,2018,11.75,12.890000343322754,12.40999984741211,11.609999656677246,9.702130581470247,-3.723820660402799,-9.93018349536795,0.3289278113945082,0.27632870875580196
2018-11-08,2018,19.34000015258789,16.719999313354492,17.360000610351562,19.979999542236328,-13.547056972917426,3.827759110527551,19.497609825127384,0.25089163835961825,0.9199013706103321
2018-12-19,2018,21.459999084472656,25.579999923706055,28.3799991607666,29.959999084472656,19.198513583415846,10.94604865289961,17.122748920368338,1.539571453679811,1.5772106327423652
2019-01-30,2019,19.520000457763672,17.65999984741211,16.56999969482422,15.380000114440918,-9.528691427933788,-6.17214134771139,-12.910530875827286,1.554926091974429,0.8597395948725328
2019-03-20,2019,13.40999984741211,13.90999984741211,13.630000114440918,15.149999618530273,3.7285608179666863,-2.0129384330890843,8.914448488285643,0.29443536044478913,1.0852481049954399
2019-05-01,2019,13.140000343322754,14.800000190734863,14.420000076293945,19.399999618530273,12.633179635004034,-2.567568307727497,31.081076814276763,0.7502163081421376,0.21239857917741967
2019-06-19,2019,15.90999984741211,14.329999923706055,14.75,16.209999084472656,-9.930860709361067,2.9309147140966996,13.119324290131562,0.2985163546397107,0.9472185190685156
2019-07-31,2019,12.069999694824219,16.1200008392334,17.8700008392334,19.489999771118164,33.554277106948696,10.856078839281391,20.905699481620065,1.0885526112695776,0.8998793869673061
2019-09-18,2019,14.609999656677246,13.949999809265137,14.050000190734863,15.960000038146973,-4.517452860517135,0.7168486224875092,14.408603988272883,0.03426919897555614,0.001997472142156731
2019-10-11,2019,17.040000915527344,15.579999923706055,14.569999694824219,14.25,-8.568080477571415,-6.48267159067858,-8.53658491796503,1.0938977513132997,0.13871187334510982
2019-10-30,2019,14.010000228881836,12.329999923706055,13.220000267028809,12.619999885559082,-11.991436671874101,7.218169901295868,2.351986728689792,0.325337015914573,0.3022860563304697
2019-12-11,2019,14.800000190734863,14.989999771118164,13.9399995803833,12.579999923706055,1.2837809319911075,-7.004671159221365,-16.07738415083604,0.2908158040315856,0.8575225775086182
2020-01-29,2020,12.90999984741211,16.389999389648438,15.489999771118164,15.149999618530273,26.955844952499476,-5.491151019192186,-7.565587658906936,0.08668741908683941,0.3134358792605374
2020-03-03,2020,27.850000381469727,36.81999969482422,31.989999771118164,47.29999923706055,32.208255621148105,-13.117870623950623,28.462790953552066,2.8107896121075893,4.220259077449118
2020-03-16,2020,54.459999084472656,82.69000244140625,75.91000366210938,61.59000015258789,51.83621709788531,-8.199296866753814,-25.516993186412982,11.984055240393443,5.995484974402432
2020-03-23,2020,82.69000244140625,61.59000015258789,61.66999816894531,57.08000183105469,-25.516993186412982,0.12988799506288284,-7.322614564636765,2.929386782180443,9.382773976227554
2020-03-31,2020,61.66999816894531,53.540000915527344,57.060001373291016,46.70000076293945,-13.183067123086001,6.574524463152964,-12.775495023580019,1.6012721914555605,4.414243033166542
2020-04-29,2020,41.97999954223633,31.229999542236328,34.150001525878906,34.119998931884766,-25.607432389760653,9.34999047852525,9.253920691673144,2.6583916282167053,0.9212446303987654
2020-06-10,2020,25.65999984741211,27.56999969482422,40.790000915527344,33.470001220703125,7.443491265666302,47.95067597764591,21.40007831406152,0.5313091072437381,5.894405927443824
2020-07-29,2020,24.31999969482422,24.100000381469727,24.760000228881836,22.989999771118164,-0.9046024511312534,2.738588535125408,-4.605811588306164,1.242838167815008,0.3750251937389204
2020-08-27,2020,22.719999313354492,24.469999313354492,22.959999084472656,33.599998474121094,7.702465021516858,-6.170822522490848,37.3109906700484,0.16730440109038458,0.673256535528588
2020-09-16,2020,28.809999465942383,26.040000915527344,26.459999084472656,28.579999923706055,-9.614712258809933,1.612896137399411,9.754220118572032,0.4618946596211537,0.8412365876402483
2020-11-05,2020,37.59000015258789,27.579999923706055,24.860000610351562,25.350000381469727,-26.629423219602455,-9.862216536906331,-8.085567615682109,1.9460194138962938,0.028771518741854685
2020-12-16,2020,22.270000457763672,22.5,21.93000030517578,23.309999465942383,1.0327774472772777,-2.5333319769965224,3.5999976264105893,0.17727951669590514,0.5757654753379748
2021-01-27,2021,21.579999923706055,37.209999084472656,30.209999084472656,22.90999984741211,72.42817060252507,-18.81214773509905,-38.43052832276953,2.5677883699462,0.9760625975629766
2021-03-17,2021,22.559999465942383,19.229999542236328,21.579999923706055,21.200000762939453,-14.760638309115103,12.220491094179376,10.24441636816611,0.287938213053085,1.4760539319459198
2021-04-28,2021,17.5,17.280000686645508,17.610000610351562,19.149999618530273,-1.2571389334542382,1.9097217048208215,10.821752648019034,0.08455399168898481,0.6762806734045723
2021-06-16,2021,17.889999389648438,18.149999618530273,17.75,16.31999969482422,1.4533272093473437,-2.203854693869489,-10.082644419660003,0.5390124612855707,0.043571559205179966
2021-07-28,2021,17.90999984741211,18.309999465942383,17.700000762939453,17.969999313354492,2.2333870571644487,-3.33150584814359,-1.8569096805289953,0.01862618826539153,0.42061529800074826
2021-09-22,2021,18.18000030517578,20.8700008392334,18.6299991607666,22.559999465942383,14.79648233719657,-10.733117337761822,8.09774105773855,0.9519611195260236,1.2134715784494876
2021-11-03,2021,16.979999542236328,15.100000381469727,15.4399995803833,18.729999542236328,-11.07184459039743,2.2516502670477445,24.039728934187508,0.6461279195357994,0.4181942361150437
2021-12-15,2021,19.899999618530273,19.290000915527344,20.56999969482422,18.6299991607666,-3.065320174352759,6.63555582450257,-3.4214708317067966,1.6348464630746795,0.8743415379980468
2022-01-26,2022,23.850000381469727,31.959999084472656,30.489999771118164,22.09000015258789,34.0041868900933,-4.599497357522364,-30.882350483795772,0.1496635847751837,0.538408875771057
2022-03-16,2022,32.45000076293945,26.670000076293945,25.670000076293945,23.56999969482422,-17.812020187212873,-3.7495312978602757,-11.623548453699527,2.238376135718223,1.234781757145198
2022-05-04,2022,31.600000381469727,25.420000076293945,31.200000762939453,32.560001373291016,-19.55696275497433,22.738004206521587,28.088124608841582,2.986242108440229,3.5649708609806985
2022-06-15,2022,23.959999084472656,29.6200008392334,32.95000076293945,29.049999237060547,23.622712733861164,11.242403205118334,-1.9243807765793597,1.4592504858983224,3.2511951488163437
2022-07-27,2022,23.8799991607666,23.239999771118164,22.329999923706055,21.950000762939453,-2.6800645399515655,-3.91566203259186,-5.550770313611942,2.6156273782937722,1.2133338697180918
2022-09-21,2022,26.15999984741211,27.989999771118164,27.350000381469727,30.18000030517578,6.995412593196515,-2.286528741986016,7.824224908774013,1.7116493600784488,0.8427580979689431
2022-11-02,2022,27.280000686645508,25.860000610351562,25.299999237060547,26.09000015258789,-5.205278741026875,-2.165511833231948,0.8894026945392319,2.500198485734284,1.058599231542967
2022-12-14,2022,22.68000030517578,21.139999389648438,22.829999923706055,20.06999969482422,-6.790127402140733,7.994326314338274,-5.061493499134928,0.6052724634100337,2.4921675023714007
2023-02-01,2023,19.079999923706055,17.8700008392334,18.729999542236328,19.6299991607666,-6.341714304564993,4.812527490848306,9.848898930486595,1.045230394459029,1.4699373244309921
2023-03-22,2023,26.139999389648438,22.260000228881836,22.610000610351562,19.1200008392334,-14.843149393121635,1.5723287415586373,-14.106016879435435,1.6463223775713631,0.2984528733375402
2023-05-03,2023,18.84000015258789,18.34000015258789,20.09000015258789,16.940000534057617,-2.653927791668931,9.541984653435588,-7.633585642760887,0.6998305064656485,0.7218732334382416
2023-06-14,2023,13.9399995803833,13.880000114440918,14.5,12.90999984741211,-0.4304122507063468,4.466857928293733,-6.9884744886969274,0.08194255259321714,1.217813742034668
2023-07-26,2023,13.760000228881836,13.1899995803833,14.40999984741211,16.09000015258789,-4.1424465044856635,9.249433706148412,21.986358335580135,0.015543889679858758,0.6424666064487883
2023-09-20,2023,13.479999542236328,15.140000343322754,17.540000915527344,18.219999313354492,12.314546420311178,15.852050976095722,20.34345376610325,0.9394794758059599,1.6400934103219411
2023-11-01,2023,20.190000534057617,16.8700008392334,15.65999984741211,14.449999809265137,-16.443782105026983,-7.172501076628713,-14.344996500179374,1.0505999486313922,1.885855702012762
2023-12-13,2023,12.970000267028809,12.1899995803833,12.479999542236328,13.670000076293945,-6.013883350707072,2.3789989486111995,12.141103747799376,1.3650676351045998,0.26470624846992585
2024-01-31,2024,13.140000343322754,14.350000381469727,13.880000114440918,12.829999923706055,9.208523641796162,-3.275263097802583,-10.592337403185448,1.6105744611597972,1.2493688211609788
2024-03-20,2024,13.75,13.039999961853027,12.920000076293945,12.779999732971191,-5.163636641068892,-0.9202445238506662,-1.993866791736476,0.8904173912846591,0.32365354015160275
2024-05-01,2024,15.970000267028809,15.390000343322754,14.680000305175781,13.0,-3.6318091046216527,-4.613385460092079,-15.52956653675256,0.34354388154940185,0.9128437077573048
2024-06-12,2024,12.630000114440918,12.039999961853027,11.9399995803833,13.279999732971191,-4.671418426301477,-0.8305679550378975,10.299001453878077,0.8503672791998707,0.23446558536817097
2024-07-31,2024,18.040000915527344,16.360000610351562,18.59000015258789,27.850000381469727,-9.312639799977928,13.630803539367387,70.23226981940347,1.5793398659167401,1.3693502993456064
2024-09-18,2024,17.690000534057617,18.229999542236328,16.329999923706055,15.40999984741211,3.052566375784327,-10.422378860340853,-15.469005845505801,0.2896455862498093,1.697685316676334
2024-11-07,2024,23.15999984741211,15.199999809265137,14.9399995803833,14.3100004196167,-34.369603154537245,-1.7105278430553206,-5.855259215897746,0.7431229727488331,0.3756833309231711
2024-12-18,2024,13.579999923706055,27.6200008392334,24.09000015258789,14.729999542236328,103.38734163774394,-12.780595870334821,-46.66908365436109,2.949284635160343,0.08651123249070469
2025-01-29,2025,15.100000381469727,16.559999465942383,15.84000015258789,15.770000457763672,9.668867864826836,-4.347822080763086,-4.77052556555595,0.4678895760321544,0.5275414405311762
2025-03-19,2025,24.229999542236328,19.899999618530273,19.799999237060547,18.329999923706055,-17.87040860714112,-0.5025144893802347,-7.889445853869681,1.0798495567894584,0.21848931523151816
2025-05-07,2025,24.700000762939453,23.549999237060547,22.479999542236328,18.6200008392334,-4.65587647917971,-4.543523267467309,-20.934176465147512,0.43463562331358396,0.5799775094835535
2025-06-18,2025,17.260000228881836,20.139999389648438,20.6200008392334,16.59000015258789,16.685974058953867,2.3833240522920462,-17.626610450073677,0.03092402101070313,0.2178658486505891
2025-07-30,2025,15.369999885559082,15.479999542236328,16.719999313354492,16.770000457763672,0.7156776675099064,8.01033467562382,8.333339494020308,0.12494327466496813,0.36948193411530106
2025-08-22,2025,15.09000015258789,14.220000267028809,14.789999961853027,15.359999656677246,-5.765406737983891,4.008436597190856,8.016873194381692,1.5186444876893468,0.4266385548063467
2025-09-17,2025,15.350000381469727,15.720000267028809,15.699999809265137,16.18000030517578,2.4104226473228074,-0.12722937292578562,2.92620884435848,0.09701681605103207,0.47891191851283654
2025-10-29,2025,18.600000381469727,16.920000076293945,16.90999984741211,18.010000228881836,-9.032259520002395,-0.05910300730935791,6.4420812510223024,0.0043578255173426506,0.9904812439519239
2025-12-10,2025,16.079999923706055,15.770000457763672,14.850000381469727,17.6200008392334,-1.9278573844105806,-5.833862077290075,11.73113714501486,0.674955693920154,0.2079350841514227
2026-01-28,2026,16.899999618530273,16.350000381469727,16.8799991607666,18.639999389648438,-3.2544334288474808,3.2415826723621866,14.006109814982516,0.008172305219089626,0.1292631274007694
2026-03-18,2026,24.229999542236328,25.09000015258789,24.059999465942383,25.329999923706055,3.549321612047329,-4.105223915430189,0.956555478910226,1.3607567880073446,0.2748797741878972
2026-04-29,2026,18.920000076293945,18.809999465942383,16.889999389648438,17.389999389648438,-0.5813985724523851,-10.207337218538049,-7.549176590169582,0.03991720531409948,1.0238239941821936
2026-06-17,2026,22.219999313354492,18.440000534057617,16.399999618530273,18.889999389648438,-17.01169620210137,-11.062911369007722,2.440340794783058,1.2148282108228825,1.0846212235623431
